data,casa,trasferta,risultato_reale,predizione,prob_h,prob_d,prob_a,confidenza,corretto
2024-05-23,Cagliari,Fiorentina,A,D,0.393,0.441,0.166,0.441,False
2024-05-24,Genoa,Bologna,H,D,0.362,0.373,0.265,0.373,False
2024-05-25,Milan,Salernitana,D,H,0.552,0.305,0.143,0.552,False
2024-05-25,Juventus,Monza,H,H,0.48,0.37,0.15,0.48,True
2024-05-26,Napoli,Lecce,D,H,0.529,0.323,0.148,0.529,False
2024-05-26,Atalanta,Torino,H,H,0.521,0.328,0.151,0.521,True
2024-05-26,Empoli,Roma,H,D,0.332,0.339,0.329,0.339,False
2024-05-26,Frosinone,Udinese,A,D,0.345,0.354,0.301,0.354,False
2024-05-26,Lazio,Sassuolo,D,H,0.613,0.244,0.142,0.613,False
2024-05-26,Verona,Inter,D,A,0.277,0.276,0.447,0.447,False
2024-06-02,Atalanta,Fiorentina,A,H,0.526,0.331,0.143,0.526,False
2024-08-17,Milan,Torino,D,H,0.552,0.302,0.147,0.552,False
2024-08-17,Genoa,Inter,D,A,0.263,0.273,0.464,0.464,False
2024-08-17,Parma,Fiorentina,D,H,0.404,0.397,0.199,0.404,False
2024-08-17,Empoli,Monza,D,D,0.371,0.383,0.246,0.383,True
2024-08-18,Lazio,Venezia,H,H,0.598,0.258,0.144,0.598,True
2024-08-18,Cagliari,Roma,D,D,0.295,0.38,0.325,0.38,True
2024-08-18,Verona,Napoli,H,A,0.322,0.323,0.355,0.355,False
2024-08-18,Bologna,Udinese,D,H,0.444,0.367,0.189,0.444,False
2024-08-19,Lecce,Atalanta,A,A,0.275,0.354,0.372,0.372,True
2024-08-19,Juventus,Como,H,H,0.463,0.368,0.169,0.463,True
2024-08-24,Monza,Genoa,A,H,0.432,0.407,0.16,0.432,False
2024-08-24,Inter,Lecce,H,H,0.555,0.3,0.145,0.555,True
2024-08-24,Udinese,Lazio,H,D,0.304,0.4,0.297,0.4,False
2024-08-24,Parma,Milan,H,A,0.275,0.328,0.397,0.397,False
2024-08-25,Roma,Empoli,A,H,0.585,0.272,0.144,0.585,False
2024-08-25,Napoli,Bologna,H,H,0.496,0.338,0.166,0.496,True
2024-08-25,Fiorentina,Venezia,D,H,0.435,0.396,0.169,0.435,False
2024-08-25,Torino,Atalanta,H,D,0.333,0.356,0.311,0.356,False
2024-08-26,Cagliari,Como,D,D,0.295,0.427,0.277,0.427,True
2024-08-26,Verona,Juventus,A,H,0.372,0.37,0.258,0.372,False
2024-08-30,Inter,Atalanta,H,H,0.481,0.309,0.21,0.481,True
2024-08-30,Venezia,Torino,A,D,0.294,0.399,0.307,0.399,False
2024-08-31,Bologna,Empoli,D,H,0.459,0.382,0.159,0.459,False
2024-08-31,Lecce,Cagliari,H,D,0.383,0.387,0.23,0.387,False
2024-08-31,Napoli,Parma,H,H,0.546,0.308,0.146,0.546,True
2024-08-31,Lazio,Milan,D,H,0.49,0.279,0.231,0.49,False
2024-09-01,Fiorentina,Monza,D,D,0.363,0.413,0.225,0.413,True
2024-09-01,Genoa,Verona,A,H,0.452,0.393,0.154,0.452,False
2024-09-01,Udinese,Como,H,D,0.261,0.437,0.302,0.437,False
2024-09-01,Juventus,Roma,D,H,0.465,0.341,0.194,0.465,False
2024-09-14,Como,Bologna,D,H,0.428,0.381,0.191,0.428,False
2024-09-14,Empoli,Juventus,D,D,0.361,0.372,0.267,0.372,True
2024-09-14,Milan,Venezia,H,H,0.562,0.293,0.145,0.562,True
2024-09-15,Monza,Inter,D,A,0.249,0.274,0.477,0.477,False
2024-09-15,Cagliari,Napoli,A,D,0.277,0.365,0.359,0.365,False
2024-09-15,Torino,Lecce,D,H,0.412,0.391,0.197,0.412,False
2024-09-15,Atalanta,Fiorentina,H,H,0.526,0.331,0.143,0.526,True
2024-09-15,Genoa,Roma,D,D,0.326,0.337,0.337,0.337,True
2024-09-16,Parma,Udinese,A,H,0.364,0.35,0.286,0.364,False
2024-09-16,Lazio,Verona,H,H,0.594,0.267,0.139,0.594,True
2024-09-20,Cagliari,Empoli,A,D,0.379,0.418,0.204,0.418,False
2024-09-20,Verona,Torino,A,H,0.421,0.359,0.22,0.421,False
2024-09-21,Venezia,Genoa,H,D,0.33,0.461,0.21,0.461,False
2024-09-21,Juventus,Napoli,D,H,0.442,0.334,0.223,0.442,False
2024-09-21,Lecce,Parma,D,H,0.401,0.387,0.212,0.401,False
2024-09-22,Monza,Bologna,A,D,0.353,0.37,0.277,0.37,False
2024-09-22,Inter,Milan,A,H,0.47,0.307,0.223,0.47,False
2024-09-22,Roma,Udinese,H,H,0.582,0.271,0.147,0.582,True
2024-09-22,Fiorentina,Lazio,H,H,0.386,0.375,0.238,0.386,True
2024-09-24,Atalanta,Como,A,H,0.439,0.355,0.207,0.439,False
2024-09-27,Milan,Lecce,H,H,0.545,0.308,0.147,0.545,True
2024-09-28,Udinese,Inter,A,A,0.222,0.313,0.465,0.465,True
2024-09-28,Genoa,Juventus,A,D,0.354,0.372,0.274,0.372,False
2024-09-28,Bologna,Atalanta,D,D,0.362,0.363,0.275,0.363,True
2024-09-29,Empoli,Fiorentina,D,H,0.443,0.389,0.168,0.443,False
2024-09-29,Napoli,Monza,H,H,0.477,0.35,0.173,0.477,True
2024-09-29,Roma,Venezia,H,H,0.59,0.266,0.144,0.59,True
2024-09-29,Como,Verona,H,H,0.497,0.359,0.144,0.497,True
2024-09-29,Torino,Lazio,A,H,0.381,0.367,0.253,0.381,False
2024-09-30,Parma,Cagliari,A,H,0.397,0.366,0.237,0.397,False
2024-10-04,Napoli,Como,H,H,0.46,0.347,0.193,0.46,True
2024-10-04,Verona,Venezia,H,H,0.447,0.365,0.187,0.447,True
2024-10-05,Udinese,Lecce,H,D,0.327,0.436,0.237,0.436,False
2024-10-05,Atalanta,Genoa,H,H,0.513,0.345,0.141,0.513,True
2024-10-05,Inter,Torino,H,H,0.561,0.294,0.145,0.561,True
2024-10-06,Fiorentina,Milan,H,D,0.329,0.361,0.31,0.361,False
2024-10-06,Lazio,Empoli,H,H,0.592,0.263,0.145,0.592,True
2024-10-06,Monza,Roma,D,A,0.316,0.336,0.348,0.348,False
2024-10-06,Bologna,Parma,D,H,0.466,0.381,0.153,0.466,False
2024-10-06,Juventus,Cagliari,D,H,0.535,0.322,0.143,0.535,False
2024-10-19,Como,Parma,D,H,0.507,0.346,0.147,0.507,False
2024-10-19,Genoa,Bologna,D,D,0.362,0.373,0.265,0.373,True
2024-10-19,Juventus,Lazio,H,H,0.504,0.341,0.155,0.504,True
2024-10-19,Milan,Udinese,H,H,0.554,0.297,0.149,0.554,True
2024-10-20,Cagliari,Torino,H,D,0.363,0.41,0.227,0.41,False
2024-10-20,Venezia,Atalanta,A,A,0.217,0.359,0.424,0.424,True
2024-10-20,Roma,Inter,A,H,0.439,0.248,0.313,0.439,False
2024-10-20,Empoli,Napoli,A,A,0.311,0.325,0.364,0.364,True
2024-10-20,Lecce,Fiorentina,A,D,0.39,0.417,0.193,0.417,False
2024-10-21,Verona,Monza,A,D,0.369,0.385,0.247,0.385,False
2024-10-25,Torino,Como,H,D,0.34,0.4,0.26,0.4,False
2024-10-25,Udinese,Cagliari,H,D,0.349,0.427,0.223,0.427,False
2024-10-26,Napoli,Lecce,H,H,0.529,0.323,0.148,0.529,True
2024-10-26,Atalanta,Verona,H,H,0.531,0.327,0.142,0.531,True
2024-10-27,Fiorentina,Roma,H,D,0.35,0.366,0.285,0.366,False
2024-10-27,Parma,Empoli,D,H,0.404,0.366,0.23,0.404,False
2024-10-27,Lazio,Genoa,H,H,0.574,0.288,0.139,0.574,True
2024-10-27,Monza,Venezia,D,H,0.455,0.354,0.191,0.455,False
2024-10-27,Inter,Juventus,D,H,0.525,0.326,0.15,0.525,False
2024-10-29,Cagliari,Bologna,A,D,0.327,0.416,0.257,0.416,False
2024-10-29,Lecce,Verona,H,D,0.407,0.417,0.176,0.417,False
2024-10-29,Milan,Napoli,A,H,0.458,0.3,0.242,0.458,False
2024-10-30,Empoli,Inter,A,A,0.266,0.278,0.456,0.456,True
2024-10-30,Venezia,Udinese,H,D,0.288,0.383,0.329,0.383,False
2024-10-30,Atalanta,Monza,H,H,0.456,0.358,0.186,0.456,True
2024-10-30,Juventus,Parma,D,H,0.535,0.322,0.143,0.535,False
2024-10-31,Genoa,Fiorentina,A,H,0.435,0.394,0.171,0.435,False
2024-10-31,Como,Lazio,A,H,0.432,0.363,0.206,0.432,False
2024-10-31,Roma,Torino,H,H,0.579,0.276,0.145,0.579,True
2024-11-02,Udinese,Juventus,A,D,0.298,0.419,0.283,0.419,False
2024-11-02,Bologna,Lecce,H,H,0.443,0.388,0.169,0.443,True
2024-11-02,Monza,Milan,A,A,0.293,0.331,0.375,0.375,True
2024-11-03,Verona,Roma,H,H,0.343,0.337,0.32,0.343,True
2024-11-03,Inter,Venezia,H,H,0.571,0.285,0.144,0.571,True
2024-11-03,Napoli,Atalanta,A,H,0.444,0.319,0.236,0.444,False
2024-11-03,Torino,Fiorentina,A,H,0.448,0.403,0.149,0.448,False
2024-11-04,Empoli,Como,H,D,0.353,0.378,0.27,0.378,False
2024-11-04,Parma,Genoa,A,D,0.408,0.419,0.172,0.419,False
2024-11-04,Lazio,Cagliari,H,H,0.595,0.261,0.144,0.595,True
2024-11-07,Genoa,Como,D,D,0.331,0.383,0.286,0.383,True
2024-11-08,Lecce,Empoli,D,H,0.39,0.387,0.223,0.39,False
2024-11-09,Cagliari,Milan,D,D,0.276,0.373,0.351,0.373,True
2024-11-09,Venezia,Parma,A,D,0.336,0.405,0.259,0.405,False
2024-11-09,Juventus,Torino,H,H,0.526,0.329,0.145,0.526,True
2024-11-10,Roma,Bologna,A,H,0.546,0.305,0.149,0.546,False
2024-11-10,Fiorentina,Verona,H,H,0.451,0.402,0.146,0.451,True
2024-11-10,Inter,Napoli,D,H,0.473,0.298,0.229,0.473,False
2024-11-10,Monza,Lazio,A,H,0.354,0.347,0.299,0.354,False
2024-11-10,Atalanta,Udinese,H,H,0.515,0.318,0.167,0.515,True
2024-11-23,Verona,Inter,A,A,0.277,0.276,0.447,0.447,True
2024-11-23,Milan,Juventus,D,H,0.51,0.33,0.16,0.51,False
2024-11-23,Parma,Atalanta,A,A,0.284,0.334,0.382,0.382,True
2024-11-24,Napoli,Roma,H,H,0.458,0.316,0.225,0.458,True
2024-11-24,Torino,Monza,D,D,0.358,0.405,0.237,0.405,True
2024-11-24,Lazio,Bologna,H,H,0.552,0.298,0.15,0.552,True
2024-11-24,Como,Fiorentina,A,H,0.487,0.368,0.146,0.487,False
2024-11-24,Genoa,Cagliari,D,H,0.428,0.365,0.207,0.428,False
2024-11-25,Empoli,Udinese,D,H,0.403,0.349,0.248,0.403,False
2024-11-25,Venezia,Lecce,A,D,0.315,0.408,0.278,0.408,False
2024-11-29,Cagliari,Verona,H,D,0.409,0.441,0.15,0.441,False
2024-11-30,Milan,Empoli,H,H,0.557,0.298,0.145,0.557,True
2024-11-30,Bologna,Venezia,H,H,0.463,0.384,0.154,0.463,True
2024-11-30,Como,Monza,D,H,0.45,0.38,0.17,0.45,False
2024-12-01,Lecce,Juventus,D,D,0.313,0.39,0.296,0.39,True
2024-12-01,Torino,Napoli,A,D,0.324,0.342,0.334,0.342,False
2024-12-01,Udinese,Genoa,A,D,0.36,0.478,0.162,0.478,False
2024-12-01,Parma,Lazio,H,D,0.332,0.349,0.319,0.349,False
2024-12-02,Roma,Atalanta,A,H,0.5,0.293,0.208,0.5,False
2024-12-06,Inter,Parma,H,H,0.571,0.285,0.144,0.571,True
2024-12-06,Atalanta,Milan,H,H,0.414,0.321,0.266,0.414,True
2024-12-07,Genoa,Torino,D,H,0.402,0.363,0.235,0.402,False
2024-12-07,Juventus,Bologna,D,H,0.496,0.356,0.149,0.496,False
2024-12-07,Roma,Lecce,H,H,0.573,0.282,0.145,0.573,True
2024-12-08,Fiorentina,Cagliari,H,H,0.439,0.389,0.172,0.439,True
2024-12-08,Verona,Empoli,A,H,0.442,0.363,0.196,0.442,False
2024-12-08,Venezia,Como,D,D,0.269,0.403,0.329,0.403,True
2024-12-08,Napoli,Lazio,A,H,0.5,0.318,0.182,0.5,False
2024-12-09,Monza,Udinese,A,H,0.388,0.345,0.266,0.388,False
2024-12-13,Empoli,Torino,A,H,0.41,0.361,0.229,0.41,False
2024-12-14,Cagliari,Atalanta,A,D,0.284,0.379,0.336,0.379,False
2024-12-14,Udinese,Napoli,A,A,0.257,0.364,0.379,0.379,True
2024-12-14,Juventus,Venezia,D,H,0.534,0.322,0.144,0.534,False
2024-12-15,Milan,Genoa,D,H,0.542,0.318,0.139,0.542,False
2024-12-15,Lecce,Monza,H,D,0.325,0.403,0.271,0.403,False
2024-12-15,Bologna,Fiorentina,H,H,0.467,0.388,0.146,0.467,True
2024-12-15,Parma,Verona,A,H,0.422,0.397,0.181,0.422,False
2024-12-15,Como,Roma,H,H,0.392,0.362,0.246,0.392,True
2024-12-16,Lazio,Inter,A,H,0.44,0.234,0.326,0.44,False
2024-12-20,Verona,Milan,A,A,0.321,0.332,0.347,0.347,True
2024-12-21,Torino,Bologna,A,D,0.38,0.388,0.233,0.388,False
2024-12-21,Genoa,Napoli,A,A,0.306,0.322,0.372,0.372,True
2024-12-21,Lecce,Lazio,A,D,0.321,0.369,0.31,0.369,False
2024-12-22,Atalanta,Empoli,H,H,0.526,0.325,0.148,0.526,True
2024-12-22,Monza,Juventus,A,D,0.345,0.37,0.285,0.37,False
2024-12-22,Venezia,Cagliari,H,D,0.317,0.404,0.278,0.404,False
2024-12-22,Roma,Parma,H,H,0.59,0.267,0.143,0.59,True
2024-12-23,Inter,Como,H,H,0.496,0.332,0.172,0.496,True
2024-12-23,Fiorentina,Udinese,A,H,0.417,0.374,0.208,0.417,False
2024-12-28,Cagliari,Inter,A,A,0.238,0.317,0.445,0.445,True
2024-12-28,Lazio,Atalanta,D,H,0.501,0.281,0.217,0.501,False
2024-12-28,Empoli,Genoa,A,H,0.444,0.407,0.149,0.444,False
2024-12-28,Parma,Monza,H,D,0.337,0.384,0.279,0.384,False
2024-12-29,Udinese,Torino,D,D,0.337,0.419,0.245,0.419,True
2024-12-29,Napoli,Venezia,H,H,0.545,0.308,0.146,0.545,True
2024-12-29,Juventus,Fiorentina,D,H,0.531,0.329,0.139,0.531,False
2024-12-29,Milan,Roma,D,H,0.481,0.308,0.211,0.481,False
2024-12-30,Como,Lecce,H,H,0.491,0.36,0.149,0.491,True
2024-12-30,Bologna,Verona,A,H,0.471,0.385,0.144,0.471,False
2025-01-04,Fiorentina,Napoli,A,D,0.33,0.352,0.318,0.352,False
2025-01-04,Venezia,Empoli,D,D,0.324,0.405,0.271,0.405,True
2025-01-04,Verona,Udinese,D,H,0.414,0.347,0.239,0.414,False
2025-01-05,Roma,Lazio,H,H,0.557,0.287,0.156,0.557,True
2025-01-05,Torino,Parma,D,H,0.435,0.385,0.18,0.435,False
2025-01-05,Lecce,Genoa,D,D,0.395,0.438,0.167,0.438,True
2025-01-05,Monza,Cagliari,A,H,0.422,0.359,0.22,0.422,False
2025-01-10,Lazio,Como,D,H,0.518,0.305,0.177,0.518,False
2025-01-11,Empoli,Lecce,A,H,0.427,0.367,0.206,0.427,False
2025-01-11,Udinese,Atalanta,D,D,0.264,0.38,0.356,0.38,True
2025-01-11,Milan,Cagliari,D,H,0.561,0.295,0.145,0.561,False
2025-01-11,Torino,Juventus,D,D,0.373,0.387,0.24,0.387,True
2025-01-12,Venezia,Inter,A,A,0.174,0.287,0.539,0.539,True
2025-01-12,Bologna,Roma,D,H,0.374,0.362,0.263,0.374,False
2025-01-12,Napoli,Verona,H,H,0.546,0.314,0.141,0.546,True
2025-01-12,Genoa,Parma,H,H,0.428,0.369,0.203,0.428,True
2025-01-13,Monza,Fiorentina,H,H,0.429,0.387,0.184,0.429,True
2025-01-14,Atalanta,Juventus,D,H,0.468,0.346,0.186,0.468,False
2025-01-14,Como,Milan,A,H,0.368,0.362,0.27,0.368,False
2025-01-15,Inter,Bologna,D,H,0.529,0.322,0.149,0.529,False
2025-01-17,Roma,Genoa,H,H,0.568,0.294,0.138,0.568,True
2025-01-18,Juventus,Milan,H,H,0.44,0.343,0.217,0.44,True
2025-01-18,Bologna,Monza,H,D,0.389,0.405,0.207,0.405,False
2025-01-18,Atalanta,Napoli,A,H,0.415,0.312,0.273,0.415,False
2025-01-19,Cagliari,Lecce,H,D,0.363,0.422,0.214,0.422,False
2025-01-19,Fiorentina,Torino,D,H,0.424,0.385,0.191,0.424,False
2025-01-19,Inter,Empoli,H,H,0.566,0.29,0.144,0.566,True
2025-01-19,Parma,Venezia,D,H,0.415,0.369,0.216,0.415,False
2025-01-19,Verona,Lazio,A,H,0.381,0.348,0.271,0.381,False
2025-01-20,Como,Udinese,H,H,0.466,0.355,0.18,0.466,True
2025-01-24,Torino,Cagliari,H,H,0.435,0.381,0.183,0.435,True
2025-01-25,Empoli,Bologna,D,D,0.368,0.373,0.259,0.373,True
2025-01-25,Napoli,Juventus,H,H,0.488,0.339,0.173,0.488,True
2025-01-25,Como,Atalanta,A,H,0.379,0.364,0.257,0.379,False
2025-01-26,Lazio,Fiorentina,A,H,0.587,0.273,0.14,0.587,False
2025-01-26,Udinese,Roma,A,D,0.274,0.382,0.344,0.382,False
2025-01-26,Lecce,Inter,A,A,0.226,0.288,0.486,0.486,True
2025-01-26,Milan,Parma,H,H,0.562,0.294,0.145,0.562,True
2025-01-27,Genoa,Monza,H,D,0.349,0.389,0.262,0.389,False
2025-01-27,Venezia,Verona,D,D,0.341,0.439,0.22,0.439,True
2025-01-31,Parma,Lecce,A,H,0.393,0.37,0.237,0.393,False
2025-02-01,Udinese,Venezia,H,D,0.341,0.442,0.217,0.442,False
2025-02-01,Atalanta,Torino,D,H,0.521,0.328,0.151,0.521,False
2025-02-01,Bologna,Como,H,D,0.371,0.401,0.228,0.401,False
2025-02-01,Monza,Verona,A,H,0.447,0.385,0.168,0.447,False
2025-02-02,Juventus,Empoli,H,H,0.531,0.326,0.144,0.531,True
2025-02-02,Fiorentina,Genoa,H,H,0.436,0.419,0.146,0.436,True
2025-02-02,Milan,Inter,D,H,0.406,0.266,0.328,0.406,False
2025-02-02,Roma,Napoli,D,H,0.492,0.281,0.227,0.492,False
2025-02-03,Cagliari,Lazio,A,D,0.327,0.395,0.278,0.395,False
2025-02-06,Fiorentina,Inter,H,A,0.286,0.31,0.404,0.404,False
2025-02-07,Como,Juventus,A,H,0.421,0.382,0.197,0.421,False
2025-02-08,Empoli,Milan,A,A,0.309,0.335,0.356,0.356,True
2025-02-08,Torino,Genoa,D,H,0.436,0.417,0.147,0.436,False
2025-02-08,Verona,Atalanta,A,D,0.331,0.337,0.332,0.337,False
2025-02-09,Napoli,Udinese,D,H,0.536,0.31,0.154,0.536,False
2025-02-09,Lazio,Monza,H,H,0.534,0.309,0.157,0.534,True
2025-02-09,Lecce,Bologna,D,D,0.32,0.392,0.288,0.392,True
2025-02-09,Venezia,Roma,A,A,0.227,0.361,0.412,0.412,True
2025-02-09,Cagliari,Parma,H,D,0.384,0.419,0.197,0.419,False
2025-02-10,Inter,Fiorentina,H,H,0.564,0.296,0.14,0.564,True
2025-02-14,Bologna,Torino,H,H,0.451,0.377,0.172,0.451,True
2025-02-15,Milan,Verona,H,H,0.561,0.3,0.14,0.561,True
2025-02-15,Atalanta,Cagliari,D,H,0.53,0.322,0.148,0.53,False
2025-02-15,Lazio,Napoli,D,H,0.493,0.269,0.238,0.493,False
2025-02-16,Monza,Lecce,D,H,0.418,0.362,0.219,0.418,False
2025-02-16,Juventus,Inter,H,H,0.392,0.305,0.303,0.392,True
2025-02-16,Parma,Roma,A,A,0.296,0.335,0.37,0.37,True
2025-02-16,Fiorentina,Como,A,D,0.345,0.408,0.247,0.408,False
2025-02-16,Udinese,Empoli,H,D,0.341,0.432,0.226,0.432,False
2025-02-17,Genoa,Venezia,H,H,0.426,0.373,0.201,0.426,True
2025-02-21,Lecce,Udinese,A,D,0.352,0.371,0.278,0.371,False
2025-02-22,Inter,Genoa,H,H,0.552,0.31,0.138,0.552,True
2025-02-22,Torino,Milan,H,D,0.323,0.351,0.326,0.351,False
2025-02-22,Parma,Bologna,H,D,0.331,0.373,0.296,0.373,False
2025-02-22,Venezia,Lazio,D,D,0.259,0.379,0.362,0.379,True
2025-02-23,Cagliari,Juventus,A,D,0.321,0.414,0.265,0.414,False
2025-02-23,Empoli,Atalanta,A,A,0.319,0.34,0.341,0.341,True
2025-02-23,Como,Napoli,H,H,0.37,0.354,0.276,0.37,True
2025-02-23,Verona,Fiorentina,H,H,0.454,0.388,0.159,0.454,True
2025-02-24,Roma,Monza,H,H,0.532,0.318,0.15,0.532,True
2025-02-27,Bologna,Milan,H,D,0.352,0.359,0.289,0.359,False
2025-02-28,Fiorentina,Lecce,H,H,0.416,0.398,0.186,0.416,True
2025-03-01,Napoli,Inter,D,H,0.385,0.272,0.343,0.385,False
2025-03-01,Udinese,Parma,H,D,0.346,0.435,0.219,0.435,False
2025-03-01,Atalanta,Venezia,D,H,0.53,0.322,0.148,0.53,False
2025-03-02,Milan,Lazio,A,H,0.522,0.309,0.169,0.522,False
2025-03-02,Roma,Como,H,H,0.515,0.315,0.17,0.515,True
2025-03-02,Genoa,Empoli,D,H,0.421,0.369,0.21,0.421,False
2025-03-02,Monza,Torino,A,H,0.395,0.358,0.247,0.395,False
2025-03-02,Bologna,Cagliari,H,H,0.466,0.379,0.155,0.466,True
2025-03-03,Juventus,Verona,H,H,0.536,0.325,0.139,0.536,True
2025-03-07,Cagliari,Genoa,D,D,0.394,0.457,0.149,0.457,True
2025-03-08,Inter,Monza,H,H,0.513,0.335,0.152,0.513,True
2025-03-08,Lecce,Milan,A,A,0.266,0.348,0.387,0.387,True
2025-03-08,Como,Venezia,D,H,0.52,0.335,0.145,0.52,False
2025-03-08,Parma,Torino,D,H,0.371,0.364,0.265,0.371,False
2025-03-09,Juventus,Atalanta,A,H,0.451,0.344,0.205,0.451,False
2025-03-09,Empoli,Roma,A,D,0.332,0.339,0.329,0.339,False
2025-03-09,Napoli,Fiorentina,H,H,0.54,0.318,0.142,0.54,True
2025-03-09,Verona,Bologna,A,H,0.379,0.37,0.25,0.379,False
2025-03-10,Lazio,Udinese,D,H,0.589,0.263,0.148,0.589,False
2025-03-14,Genoa,Lecce,H,H,0.404,0.375,0.221,0.404,True
2025-03-15,Udinese,Verona,A,D,0.372,0.459,0.169,0.459,False
2025-03-15,Monza,Parma,D,H,0.443,0.356,0.202,0.443,False
2025-03-15,Milan,Como,H,H,0.481,0.337,0.182,0.481,True
2025-03-15,Torino,Empoli,H,H,0.428,0.385,0.187,0.428,True
2025-03-16,Atalanta,Inter,A,H,0.365,0.274,0.361,0.365,False
2025-03-16,Roma,Cagliari,H,H,0.588,0.269,0.143,0.588,True
2025-03-16,Fiorentina,Juventus,H,D,0.378,0.395,0.227,0.395,False
2025-03-16,Bologna,Lazio,H,H,0.412,0.37,0.219,0.412,True
2025-03-16,Venezia,Napoli,D,A,0.21,0.342,0.448,0.448,False
2025-03-29,Lecce,Roma,A,A,0.286,0.354,0.36,0.36,True
2025-03-29,Juventus,Genoa,H,H,0.52,0.342,0.138,0.52,True
2025-03-29,Como,Empoli,D,H,0.499,0.353,0.149,0.499,False
2025-03-29,Venezia,Bologna,A,D,0.259,0.403,0.338,0.403,False
2025-03-30,Napoli,Milan,H,H,0.433,0.317,0.25,0.433,True
2025-03-30,Inter,Udinese,H,H,0.564,0.289,0.147,0.564,True
2025-03-30,Fiorentina,Atalanta,H,D,0.338,0.366,0.296,0.366,False
2025-03-30,Cagliari,Monza,H,D,0.313,0.433,0.254,0.433,False
2025-03-31,Lazio,Torino,D,H,0.586,0.268,0.146,0.586,False
2025-03-31,Verona,Parma,D,H,0.449,0.363,0.189,0.449,False
2025-04-04,Genoa,Udinese,H,H,0.395,0.35,0.255,0.395,True
2025-04-05,Milan,Fiorentina,D,H,0.555,0.304,0.141,0.555,False
2025-04-05,Parma,Inter,D,A,0.234,0.267,0.5,0.5,False
2025-04-05,Monza,Como,A,D,0.356,0.369,0.274,0.369,False
2025-04-06,Roma,Juventus,D,H,0.542,0.309,0.15,0.542,False
2025-04-06,Atalanta,Lazio,A,H,0.479,0.325,0.196,0.479,False
2025-04-06,Torino,Verona,D,H,0.452,0.4,0.148,0.452,False
2025-04-06,Empoli,Cagliari,D,H,0.436,0.362,0.202,0.436,False
2025-04-06,Lecce,Venezia,D,H,0.399,0.391,0.21,0.399,False
2025-04-07,Bologna,Napoli,D,H,0.354,0.351,0.296,0.354,False
2025-04-11,Udinese,Milan,A,D,0.256,0.373,0.37,0.373,False
2025-04-12,Juventus,Lecce,H,H,0.519,0.336,0.145,0.519,True
2025-04-12,Inter,Cagliari,H,H,0.57,0.287,0.143,0.57,True
2025-04-12,Venezia,Monza,H,D,0.277,0.413,0.31,0.413,False
2025-04-13,Lazio,Roma,D,H,0.516,0.277,0.206,0.516,False
2025-04-13,Como,Torino,H,H,0.472,0.363,0.165,0.472,True
2025-04-13,Verona,Genoa,D,H,0.451,0.401,0.148,0.451,False
2025-04-13,Atalanta,Bologna,H,H,0.476,0.345,0.179,0.476,True
2025-04-13,Fiorentina,Parma,D,H,0.439,0.392,0.169,0.439,False
2025-04-14,Napoli,Empoli,H,H,0.541,0.312,0.147,0.541,True
2025-04-19,Lecce,Como,A,D,0.308,0.397,0.295,0.397,False
2025-04-19,Monza,Napoli,A,A,0.295,0.322,0.384,0.384,True
2025-04-19,Roma,Verona,H,H,0.587,0.274,0.139,0.587,True
2025-04-20,Empoli,Venezia,D,H,0.449,0.363,0.187,0.449,False
2025-04-20,Bologna,Inter,H,A,0.308,0.311,0.381,0.381,False
2025-04-20,Milan,Atalanta,A,H,0.466,0.312,0.222,0.466,False
2025-04-23,Torino,Udinese,H,H,0.413,0.366,0.221,0.413,True
2025-04-23,Cagliari,Fiorentina,A,D,0.393,0.441,0.166,0.441,False
2025-04-23,Genoa,Lazio,A,H,0.363,0.35,0.287,0.363,False
2025-04-23,Parma,Juventus,H,D,0.324,0.372,0.305,0.372,False
2025-04-27,Atalanta,Lecce,D,H,0.514,0.336,0.15,0.514,False
2025-04-27,Juventus,Monza,H,H,0.48,0.37,0.15,0.48,True
2025-04-27,Napoli,Torino,H,H,0.536,0.316,0.148,0.536,True
2025-04-27,Venezia,Milan,A,A,0.209,0.352,0.439,0.439,True
2025-04-27,Fiorentina,Empoli,H,H,0.432,0.392,0.176,0.432,True
2025-04-27,Inter,Roma,A,H,0.496,0.305,0.199,0.496,False
2025-04-27,Como,Genoa,H,H,0.481,0.375,0.144,0.481,True
2025-04-28,Udinese,Bologna,D,D,0.304,0.422,0.275,0.422,True
2025-04-28,Lazio,Parma,D,H,0.597,0.259,0.144,0.597,False
2025-04-28,Verona,Cagliari,A,H,0.447,0.36,0.193,0.447,False
2025-05-02,Torino,Venezia,D,H,0.432,0.389,0.179,0.432,False
2025-05-03,Inter,Verona,H,H,0.57,0.291,0.139,0.57,True
2025-05-03,Lecce,Napoli,A,A,0.267,0.338,0.395,0.395,True
2025-05-03,Cagliari,Udinese,A,D,0.356,0.397,0.246,0.397,False
2025-05-03,Parma,Como,A,D,0.319,0.378,0.303,0.378,False
2025-05-04,Bologna,Juventus,D,H,0.403,0.389,0.208,0.403,False
2025-05-04,Roma,Fiorentina,H,H,0.581,0.28,0.139,0.581,True
2025-05-04,Empoli,Lazio,A,H,0.369,0.35,0.28,0.369,False
2025-05-04,Monza,Atalanta,A,A,0.303,0.337,0.36,0.36,True
2025-05-05,Genoa,Milan,A,A,0.305,0.332,0.364,0.364,True
2025-05-09,Milan,Bologna,H,H,0.518,0.329,0.153,0.518,True
2025-05-10,Empoli,Parma,H,H,0.451,0.361,0.188,0.451,True
2025-05-10,Como,Cagliari,H,H,0.494,0.357,0.149,0.494,True
2025-05-10,Lazio,Juventus,D,H,0.545,0.3,0.155,0.545,False
2025-05-11,Verona,Lecce,D,H,0.425,0.369,0.206,0.425,False
2025-05-11,Udinese,Monza,A,D,0.279,0.443,0.278,0.443,False
2025-05-11,Torino,Inter,A,A,0.281,0.297,0.422,0.422,True
2025-05-11,Napoli,Genoa,D,H,0.528,0.332,0.14,0.528,False
2025-05-12,Atalanta,Roma,H,H,0.438,0.321,0.24,0.438,True
2025-05-12,Venezia,Fiorentina,H,D,0.325,0.437,0.238,0.437,False
2025-05-17,Genoa,Atalanta,A,A,0.314,0.337,0.349,0.349,True
2025-05-18,Fiorentina,Bologna,H,D,0.385,0.396,0.22,0.396,False
2025-05-18,Verona,Como,D,D,0.351,0.379,0.27,0.379,True
2025-05-18,Roma,Milan,H,H,0.488,0.291,0.221,0.488,True
2025-05-18,Parma,Napoli,D,A,0.276,0.318,0.406,0.406,False
2025-05-18,Monza,Empoli,A,H,0.429,0.358,0.213,0.429,False
2025-05-18,Cagliari,Venezia,H,D,0.38,0.425,0.195,0.425,False
2025-05-18,Inter,Lazio,D,H,0.538,0.304,0.158,0.538,False
2025-05-18,Lecce,Torino,H,D,0.358,0.384,0.258,0.384,False
2025-05-18,Juventus,Udinese,H,H,0.528,0.325,0.147,0.528,True
2025-05-23,Napoli,Cagliari,H,H,0.545,0.309,0.146,0.545,True
2025-05-23,Como,Inter,A,A,0.321,0.323,0.357,0.357,True
2025-05-24,Bologna,Genoa,A,H,0.455,0.401,0.144,0.455,False
2025-05-24,Milan,Monza,H,H,0.498,0.34,0.162,0.498,True
2025-05-25,Torino,Roma,A,D,0.345,0.356,0.3,0.356,False
2025-05-25,Atalanta,Parma,A,H,0.531,0.321,0.148,0.531,False
2025-05-25,Empoli,Verona,A,H,0.46,0.388,0.152,0.46,False
2025-05-25,Venezia,Juventus,A,D,0.252,0.401,0.347,0.401,False
2025-05-25,Lazio,Lecce,A,H,0.58,0.274,0.146,0.58,False
2025-05-25,Udinese,Fiorentina,A,D,0.365,0.455,0.181,0.455,False
2025-08-23,Roma,Bologna,H,H,0.546,0.305,0.149,0.546,True
2025-08-23,Milan,Cremonese,A,H,0.517,0.33,0.153,0.517,False
2025-08-23,Genoa,Lecce,D,H,0.404,0.375,0.221,0.404,False
2025-08-23,Sassuolo,Napoli,A,A,0.303,0.33,0.367,0.367,True
2025-08-24,Cagliari,Fiorentina,D,D,0.393,0.441,0.166,0.441,True
2025-08-24,Como,Lazio,H,H,0.432,0.363,0.206,0.432,True
2025-08-24,Atalanta,Pisa,D,H,0.465,0.394,0.141,0.465,False
2025-08-24,Juventus,Parma,H,H,0.535,0.322,0.143,0.535,True
2025-08-25,Udinese,Verona,D,D,0.372,0.459,0.169,0.459,True
2025-08-25,Inter,Torino,H,H,0.561,0.294,0.145,0.561,True
2025-08-29,Lecce,Milan,A,A,0.266,0.348,0.387,0.387,True
2025-08-29,Cremonese,Sassuolo,H,H,0.442,0.361,0.197,0.442,True
2025-08-30,Bologna,Como,H,D,0.371,0.401,0.228,0.401,False
2025-08-30,Parma,Atalanta,D,A,0.284,0.334,0.382,0.382,False
2025-08-30,Napoli,Cagliari,H,H,0.545,0.309,0.146,0.545,True
2025-08-30,Pisa,Roma,A,A,0.22,0.371,0.41,0.41,True
2025-08-31,Lazio,Verona,H,H,0.594,0.267,0.139,0.594,True
2025-08-31,Genoa,Juventus,A,D,0.354,0.372,0.274,0.372,False
2025-08-31,Torino,Fiorentina,D,H,0.448,0.403,0.149,0.448,False
2025-08-31,Inter,Udinese,A,H,0.564,0.289,0.147,0.564,False
2025-09-13,Fiorentina,Napoli,A,D,0.33,0.352,0.318,0.352,False
2025-09-13,Cagliari,Parma,H,D,0.384,0.419,0.197,0.419,False
2025-09-13,Juventus,Inter,H,H,0.392,0.305,0.303,0.392,True
2025-09-14,Roma,Torino,A,H,0.579,0.276,0.145,0.579,False
2025-09-14,Atalanta,Lecce,H,H,0.514,0.336,0.15,0.514,True
2025-09-14,Pisa,Udinese,A,D,0.279,0.394,0.327,0.394,False
2025-09-14,Sassuolo,Lazio,H,D,0.358,0.36,0.282,0.36,False
2025-09-14,Milan,Bologna,H,H,0.518,0.329,0.153,0.518,True
2025-09-15,Como,Genoa,D,H,0.481,0.375,0.144,0.481,False
2025-09-15,Verona,Cremonese,D,H,0.385,0.379,0.236,0.385,False
2025-09-19,Lecce,Cagliari,A,D,0.383,0.387,0.23,0.387,False
2025-09-20,Bologna,Genoa,H,H,0.455,0.401,0.144,0.455,True
2025-09-20,Verona,Juventus,D,H,0.372,0.37,0.258,0.372,False
2025-09-20,Udinese,Milan,A,D,0.256,0.373,0.37,0.373,False
2025-09-21,Inter,Sassuolo,H,H,0.588,0.271,0.142,0.588,True
2025-09-21,Lazio,Roma,A,H,0.516,0.277,0.206,0.516,False
2025-09-21,Cremonese,Parma,D,H,0.446,0.365,0.189,0.446,False
2025-09-21,Torino,Atalanta,A,D,0.333,0.356,0.311,0.356,False
2025-09-21,Fiorentina,Como,A,D,0.345,0.408,0.247,0.408,False
2025-09-22,Napoli,Pisa,H,H,0.479,0.381,0.14,0.479,True
2025-09-27,Juventus,Atalanta,D,H,0.451,0.344,0.205,0.451,False
2025-09-27,Cagliari,Inter,A,A,0.238,0.317,0.445,0.445,True
2025-09-27,Como,Cremonese,D,H,0.471,0.37,0.159,0.471,False
2025-09-28,Milan,Napoli,H,H,0.458,0.3,0.242,0.458,True
2025-09-28,Lecce,Bologna,D,D,0.32,0.392,0.288,0.392,True
2025-09-28,Sassuolo,Udinese,H,H,0.389,0.361,0.25,0.389,True
2025-09-28,Pisa,Fiorentina,D,D,0.316,0.447,0.237,0.447,True
2025-09-28,Roma,Verona,H,H,0.587,0.274,0.139,0.587,True
2025-09-29,Parma,Torino,H,H,0.371,0.364,0.265,0.371,True
2025-09-29,Genoa,Lazio,A,H,0.363,0.35,0.287,0.363,False
2025-10-03,Verona,Sassuolo,A,H,0.463,0.352,0.185,0.463,False
2025-10-04,Atalanta,Como,D,H,0.439,0.355,0.207,0.439,False
2025-10-04,Inter,Cremonese,H,H,0.528,0.323,0.149,0.528,True
2025-10-04,Parma,Lecce,A,H,0.393,0.37,0.237,0.393,False
2025-10-04,Lazio,Torino,D,H,0.586,0.268,0.146,0.586,False
2025-10-05,Juventus,Milan,D,H,0.44,0.343,0.217,0.44,False
2025-10-05,Napoli,Genoa,H,H,0.528,0.332,0.14,0.528,True
2025-10-05,Udinese,Cagliari,D,D,0.349,0.427,0.223,0.427,True
2025-10-05,Bologna,Pisa,H,D,0.408,0.449,0.143,0.449,False
2025-10-05,Fiorentina,Roma,A,D,0.35,0.366,0.285,0.366,False
2025-10-18,Lecce,Sassuolo,D,H,0.398,0.381,0.221,0.398,False
2025-10-18,Torino,Napoli,H,D,0.324,0.342,0.334,0.342,False
2025-10-18,Roma,Inter,A,H,0.439,0.248,0.313,0.439,False
2025-10-18,Pisa,Verona,D,D,0.332,0.449,0.219,0.449,True
2025-10-19,Milan,Fiorentina,H,H,0.555,0.304,0.141,0.555,True
2025-10-19,Atalanta,Lazio,D,H,0.479,0.325,0.196,0.479,False
2025-10-19,Genoa,Parma,D,H,0.428,0.369,0.203,0.428,False
2025-10-19,Cagliari,Bologna,A,D,0.327,0.416,0.257,0.416,False
2025-10-19,Como,Juventus,H,H,0.421,0.382,0.197,0.421,True
2025-10-20,Cremonese,Udinese,D,H,0.393,0.357,0.25,0.393,False
2025-10-24,Milan,Pisa,D,H,0.494,0.366,0.139,0.494,False
2025-10-25,Parma,Como,D,D,0.319,0.378,0.303,0.378,True
2025-10-25,Udinese,Lecce,H,D,0.327,0.436,0.237,0.436,False
2025-10-25,Cremonese,Atalanta,D,D,0.308,0.351,0.341,0.351,True
2025-10-25,Napoli,Inter,H,H,0.385,0.272,0.343,0.385,True
2025-10-26,Lazio,Juventus,H,H,0.545,0.3,0.155,0.545,True
2025-10-26,Fiorentina,Bologna,D,D,0.385,0.396,0.22,0.396,True
2025-10-26,Torino,Genoa,H,H,0.436,0.417,0.147,0.436,True
2025-10-26,Sassuolo,Roma,A,D,0.322,0.346,0.332,0.346,False
2025-10-26,Verona,Cagliari,D,H,0.447,0.36,0.193,0.447,False
2025-10-28,Lecce,Napoli,A,A,0.267,0.338,0.395,0.395,True
2025-10-28,Atalanta,Milan,D,H,0.414,0.321,0.266,0.414,False
2025-10-29,Bologna,Torino,D,H,0.451,0.377,0.172,0.451,False
2025-10-29,Inter,Fiorentina,H,H,0.564,0.296,0.14,0.564,True
2025-10-29,Genoa,Cremonese,A,D,0.365,0.384,0.251,0.384,False
2025-10-29,Juventus,Udinese,H,H,0.528,0.325,0.147,0.528,True
2025-10-29,Roma,Parma,H,H,0.59,0.267,0.143,0.59,True
2025-10-29,Como,Verona,H,H,0.497,0.359,0.144,0.497,True
2025-10-30,Cagliari,Sassuolo,A,D,0.4,0.409,0.192,0.409,False
2025-10-30,Pisa,Lazio,D,D,0.251,0.389,0.36,0.389,True
2025-11-01,Udinese,Atalanta,H,D,0.264,0.38,0.356,0.38,False
2025-11-01,Napoli,Como,D,H,0.46,0.347,0.193,0.46,False
2025-11-01,Cremonese,Juventus,A,D,0.35,0.381,0.269,0.381,False
2025-11-02,Parma,Bologna,A,D,0.331,0.373,0.296,0.373,False
2025-11-02,Fiorentina,Lecce,A,H,0.416,0.398,0.186,0.416,False
2025-11-02,Milan,Roma,H,H,0.481,0.308,0.211,0.481,True
2025-11-02,Verona,Inter,A,A,0.277,0.276,0.447,0.447,True
2025-11-02,Torino,Pisa,D,D,0.387,0.468,0.145,0.468,True
2025-11-03,Sassuolo,Genoa,A,D,0.421,0.429,0.15,0.429,False
2025-11-03,Lazio,Cagliari,H,H,0.595,0.261,0.144,0.595,True
2025-11-07,Pisa,Cremonese,H,D,0.287,0.418,0.295,0.418,False
2025-11-08,Como,Cagliari,D,H,0.494,0.357,0.149,0.494,False
2025-11-08,Lecce,Verona,D,D,0.407,0.417,0.176,0.417,True
2025-11-08,Juventus,Torino,D,H,0.526,0.329,0.145,0.526,False
2025-11-08,Parma,Milan,D,A,0.275,0.328,0.397,0.397,False
2025-11-09,Inter,Lazio,H,H,0.538,0.304,0.158,0.538,True
2025-11-09,Roma,Udinese,H,H,0.582,0.271,0.147,0.582,True
2025-11-09,Genoa,Fiorentina,D,H,0.435,0.394,0.171,0.435,False
2025-11-09,Atalanta,Sassuolo,A,H,0.548,0.306,0.146,0.548,False
2025-11-09,Bologna,Napoli,H,H,0.354,0.351,0.296,0.354,True
2025-11-22,Cagliari,Genoa,D,D,0.394,0.457,0.149,0.457,True
2025-11-22,Udinese,Bologna,A,D,0.304,0.422,0.275,0.422,False
2025-11-22,Fiorentina,Juventus,D,D,0.378,0.395,0.227,0.395,True
2025-11-22,Napoli,Atalanta,H,H,0.444,0.319,0.236,0.444,True
2025-11-23,Inter,Milan,A,H,0.47,0.307,0.223,0.47,False
2025-11-23,Lazio,Lecce,H,H,0.58,0.274,0.146,0.58,True
2025-11-23,Verona,Parma,A,H,0.449,0.363,0.189,0.449,False
2025-11-23,Cremonese,Roma,A,D,0.321,0.35,0.329,0.35,False
2025-11-24,Torino,Como,A,D,0.34,0.4,0.26,0.4,False
2025-11-24,Sassuolo,Pisa,D,D,0.37,0.483,0.147,0.483,True
2025-11-28,Como,Sassuolo,H,H,0.507,0.345,0.148,0.507,True
2025-11-29,Milan,Lazio,H,H,0.522,0.309,0.169,0.522,True
2025-11-29,Genoa,Verona,H,H,0.452,0.393,0.154,0.452,True
2025-11-29,Parma,Udinese,A,H,0.364,0.35,0.286,0.364,False
2025-11-29,Juventus,Cagliari,H,H,0.535,0.322,0.143,0.535,True
2025-11-30,Roma,Napoli,A,H,0.492,0.281,0.227,0.492,False
2025-11-30,Atalanta,Fiorentina,H,H,0.526,0.331,0.143,0.526,True
2025-11-30,Lecce,Torino,H,D,0.358,0.384,0.258,0.384,False
2025-11-30,Pisa,Inter,A,A,0.167,0.298,0.535,0.535,True
2025-12-01,Bologna,Cremonese,A,H,0.404,0.398,0.197,0.404,False
2025-12-06,Verona,Atalanta,H,D,0.331,0.337,0.332,0.337,False
2025-12-06,Sassuolo,Fiorentina,H,H,0.426,0.406,0.167,0.426,True
2025-12-06,Inter,Como,H,H,0.496,0.332,0.172,0.496,True
2025-12-07,Lazio,Bologna,D,H,0.552,0.298,0.15,0.552,False
2025-12-07,Napoli,Juventus,H,H,0.488,0.339,0.173,0.488,True
2025-12-07,Cremonese,Lecce,H,H,0.422,0.372,0.206,0.422,True
2025-12-07,Cagliari,Roma,H,D,0.295,0.38,0.325,0.38,False
2025-12-08,Udinese,Genoa,A,D,0.36,0.478,0.162,0.478,False
2025-12-08,Torino,Milan,A,D,0.323,0.351,0.326,0.351,False
2025-12-08,Pisa,Parma,A,D,0.327,0.416,0.258,0.416,False
2025-12-12,Lecce,Pisa,H,D,0.363,0.489,0.148,0.489,False
2025-12-13,Atalanta,Cagliari,H,H,0.53,0.322,0.148,0.53,True
2025-12-13,Parma,Lazio,A,D,0.332,0.349,0.319,0.349,False
2025-12-13,Torino,Cremonese,H,D,0.373,0.4,0.227,0.4,False
2025-12-14,Milan,Sassuolo,D,H,0.578,0.279,0.143,0.578,False
2025-12-14,Genoa,Inter,A,A,0.263,0.273,0.464,0.464,True
2025-12-14,Fiorentina,Verona,A,H,0.451,0.402,0.146,0.451,False
2025-12-14,Udinese,Napoli,H,A,0.257,0.364,0.379,0.379,False
2025-12-14,Bologna,Juventus,A,H,0.403,0.389,0.208,0.403,False
2025-12-15,Roma,Como,H,H,0.515,0.315,0.17,0.515,True
2025-12-20,Lazio,Cremonese,D,H,0.553,0.297,0.15,0.553,False
2025-12-20,Juventus,Roma,H,H,0.465,0.341,0.194,0.465,True
2025-12-21,Sassuolo,Torino,A,H,0.395,0.374,0.23,0.395,False
2025-12-21,Fiorentina,Udinese,H,H,0.417,0.374,0.208,0.417,True
2025-12-21,Cagliari,Pisa,D,D,0.345,0.508,0.146,0.508,True
2025-12-21,Genoa,Atalanta,A,A,0.314,0.337,0.349,0.349,True
2025-12-27,Parma,Fiorentina,H,H,0.404,0.397,0.199,0.404,True
2025-12-27,Pisa,Juventus,A,D,0.245,0.41,0.345,0.41,False
2025-12-27,Udinese,Lazio,D,D,0.304,0.4,0.297,0.4,True
2025-12-27,Lecce,Como,A,D,0.308,0.397,0.295,0.397,False
2025-12-27,Torino,Cagliari,A,H,0.435,0.381,0.183,0.435,False
2025-12-28,Atalanta,Inter,A,H,0.365,0.274,0.361,0.365,False
2025-12-28,Bologna,Sassuolo,D,H,0.486,0.365,0.149,0.486,False
2025-12-28,Milan,Verona,H,H,0.561,0.3,0.14,0.561,True
2025-12-28,Cremonese,Napoli,A,A,0.299,0.337,0.364,0.364,True
2025-12-29,Roma,Genoa,H,H,0.568,0.294,0.138,0.568,True
2026-01-02,Cagliari,Milan,A,D,0.276,0.373,0.351,0.373,False
2026-01-03,Como,Udinese,H,H,0.466,0.355,0.18,0.466,True
2026-01-03,Atalanta,Roma,H,H,0.438,0.321,0.24,0.438,True
2026-01-03,Genoa,Pisa,D,D,0.385,0.468,0.147,0.468,True
2026-01-03,Juventus,Lecce,D,H,0.519,0.336,0.145,0.519,False
2026-01-03,Sassuolo,Parma,D,H,0.411,0.384,0.205,0.411,False
2026-01-04,Verona,Torino,A,H,0.421,0.359,0.22,0.421,False
2026-01-04,Lazio,Napoli,A,H,0.493,0.269,0.238,0.493,False
2026-01-04,Fiorentina,Cremonese,H,D,0.378,0.407,0.215,0.407,False
2026-01-04,Inter,Bologna,H,H,0.529,0.322,0.149,0.529,True
