Date,HomeTeam,AwayTeam,FTHG,FTAG,FTR
18/08/2018,Chievo,Juventus,2,3,A
18/08/2018,Lazio,Napoli,1,2,A
19/08/2018,Bologna,Spal,0,1,A
19/08/2018,Empoli,Cagliari,2,0,H
19/08/2018,Parma,Udinese,2,2,D
19/08/2018,Sassuolo,Inter,1,0,H
19/08/2018,Torino,Roma,0,1,A
20/08/2018,Atalanta,Frosinone,4,0,H
25/08/2018,Juventus,Lazio,2,0,H
25/08/2018,Napoli,Milan,3,2,H
26/08/2018,Cagliari,Sassuolo,2,2,D
26/08/2018,Fiorentina,Chievo,6,1,H
26/08/2018,Frosinone,Bologna,0,0,D
26/08/2018,Genoa,Empoli,2,1,H
26/08/2018,Inter,Torino,2,2,D
26/08/2018,Spal,Parma,1,0,H
26/08/2018,Udinese,Sampdoria,1,0,H
27/08/2018,Roma,Atalanta,3,3,D
31/08/2018,Milan,Roma,2,1,H
01/09/2018,Bologna,Inter,0,3,A
01/09/2018,Parma,Juventus,1,2,A
02/09/2018,Atalanta,Cagliari,0,1,A
02/09/2018,Chievo,Empoli,0,0,D
02/09/2018,Fiorentina,Udinese,1,0,H
02/09/2018,Lazio,Frosinone,1,0,H
02/09/2018,Sampdoria,Napoli,3,0,H
02/09/2018,Sassuolo,Genoa,5,3,H
02/09/2018,Torino,Spal,1,0,H
15/09/2018,Frosinone,Sampdoria,0,5,A
15/09/2018,Inter,Parma,0,1,A
15/09/2018,Napoli,Fiorentina,1,0,H
16/09/2018,Cagliari,Milan,1,1,D
16/09/2018,Empoli,Lazio,0,1,A
16/09/2018,Genoa,Bologna,1,0,H
16/09/2018,Juventus,Sassuolo,2,1,H
16/09/2018,Roma,Chievo,2,2,D
16/09/2018,Udinese,Torino,1,1,D
17/09/2018,Spal,Atalanta,2,0,H
19/09/2018,Sampdoria,Fiorentina,1,1,D
21/09/2018,Sassuolo,Empoli,3,1,H
22/09/2018,Fiorentina,Spal,3,0,H
22/09/2018,Parma,Cagliari,2,0,H
22/09/2018,Sampdoria,Inter,0,1,A
23/09/2018,Bologna,Roma,2,0,H
23/09/2018,Chievo,Udinese,0,2,A
23/09/2018,Frosinone,Juventus,0,2,A
23/09/2018,Lazio,Genoa,4,1,H
23/09/2018,Milan,Atalanta,2,2,D
23/09/2018,Torino,Napoli,1,3,A
25/09/2018,Inter,Fiorentina,2,1,H
26/09/2018,Atalanta,Torino,0,0,D
26/09/2018,Cagliari,Sampdoria,0,0,D
26/09/2018,Genoa,Chievo,2,0,H
26/09/2018,Juventus,Bologna,2,0,H
26/09/2018,Napoli,Parma,3,0,H
26/09/2018,Roma,Frosinone,4,0,H
26/09/2018,Udinese,Lazio,1,2,A
27/09/2018,Empoli,Milan,1,1,D
27/09/2018,Spal,Sassuolo,0,2,A
29/09/2018,Inter,Cagliari,2,0,H
29/09/2018,Juventus,Napoli,3,1,H
29/09/2018,Roma,Lazio,3,1,H
30/09/2018,Bologna,Udinese,2,1,H
30/09/2018,Chievo,Torino,0,1,A
30/09/2018,Fiorentina,Atalanta,2,0,H
30/09/2018,Frosinone,Genoa,1,2,A
30/09/2018,Parma,Empoli,1,0,H
30/09/2018,Sassuolo,Milan,1,4,A
01/10/2018,Sampdoria,Spal,2,1,H
05/10/2018,Torino,Frosinone,3,2,H
06/10/2018,Cagliari,Bologna,2,0,H
06/10/2018,Empoli,Roma,0,2,A
06/10/2018,Udinese,Juventus,0,2,A
07/10/2018,Atalanta,Sampdoria,0,1,A
07/10/2018,Genoa,Parma,1,3,A
07/10/2018,Lazio,Fiorentina,1,0,H
07/10/2018,Milan,Chievo,3,1,H
07/10/2018,Napoli,Sassuolo,2,0,H
07/10/2018,Spal,Inter,1,2,A
20/10/2018,Juventus,Genoa,1,1,D
20/10/2018,Roma,Spal,0,2,A
20/10/2018,Udinese,Napoli,0,3,A
21/10/2018,Bologna,Torino,2,2,D
21/10/2018,Chievo,Atalanta,1,5,A
21/10/2018,Fiorentina,Cagliari,1,1,D
21/10/2018,Frosinone,Empoli,3,3,D
21/10/2018,Inter,Milan,1,0,H
21/10/2018,Parma,Lazio,0,2,A
22/10/2018,Sampdoria,Sassuolo,0,0,D
27/10/2018,Atalanta,Parma,3,0,H
27/10/2018,Empoli,Juventus,1,2,A
27/10/2018,Torino,Fiorentina,1,1,D
28/10/2018,Cagliari,Chievo,2,1,H
28/10/2018,Genoa,Udinese,2,2,D
28/10/2018,Milan,Sampdoria,3,2,H
28/10/2018,Napoli,Roma,1,1,D
28/10/2018,Sassuolo,Bologna,2,2,D
28/10/2018,Spal,Frosinone,0,3,A
29/10/2018,Lazio,Inter,0,3,A
31/10/2018,Milan,Genoa,2,1,H
02/11/2018,Napoli,Empoli,5,1,H
03/11/2018,Fiorentina,Roma,1,1,D
03/11/2018,Inter,Genoa,5,0,H
03/11/2018,Juventus,Cagliari,3,1,H
04/11/2018,Bologna,Atalanta,1,2,A
04/11/2018,Chievo,Sassuolo,0,2,A
04/11/2018,Lazio,Spal,4,1,H
04/11/2018,Parma,Frosinone,0,0,D
04/11/2018,Sampdoria,Torino,1,4,A
04/11/2018,Udinese,Milan,0,1,A
09/11/2018,Frosinone,Fiorentina,1,1,D
10/11/2018,Genoa,Napoli,1,2,A
10/11/2018,Spal,Cagliari,2,2,D
10/11/2018,Torino,Parma,1,2,A
11/11/2018,Atalanta,Inter,4,1,H
11/11/2018,Chievo,Bologna,2,2,D
11/11/2018,Empoli,Udinese,2,1,H
11/11/2018,Milan,Juventus,0,2,A
11/11/2018,Roma,Sampdoria,4,1,H
11/11/2018,Sassuolo,Lazio,1,1,D
24/11/2018,Inter,Frosinone,3,0,H
24/11/2018,Juventus,Spal,2,0,H
24/11/2018,Udinese,Roma,1,0,H
25/11/2018,Bologna,Fiorentina,0,0,D
25/11/2018,Empoli,Atalanta,3,2,H
25/11/2018,Genoa,Sampdoria,1,1,D
25/11/2018,Lazio,Milan,1,1,D
25/11/2018,Napoli,Chievo,0,0,D
25/11/2018,Parma,Sassuolo,2,1,H
26/11/2018,Cagliari,Torino,0,0,D
01/12/2018,Fiorentina,Juventus,0,3,A
01/12/2018,Sampdoria,Bologna,4,1,H
01/12/2018,Spal,Empoli,2,2,D
02/12/2018,Chievo,Lazio,1,1,D
02/12/2018,Frosinone,Cagliari,1,1,D
02/12/2018,Milan,Parma,2,1,H
02/12/2018,Roma,Inter,2,2,D
02/12/2018,Sassuolo,Udinese,0,0,D
02/12/2018,Torino,Genoa,2,1,H
03/12/2018,Atalanta,Napoli,1,2,A
07/12/2018,Juventus,Inter,1,0,H
08/12/2018,Cagliari,Roma,2,2,D
08/12/2018,Lazio,Sampdoria,2,2,D
08/12/2018,Napoli,Frosinone,4,0,H
09/12/2018,Empoli,Bologna,2,1,H
09/12/2018,Genoa,Spal,1,1,D
09/12/2018,Milan,Torino,0,0,D
09/12/2018,Parma,Chievo,1,1,D
09/12/2018,Sassuolo,Fiorentina,3,3,D
09/12/2018,Udinese,Atalanta,1,3,A
15/12/2018,Inter,Udinese,1,0,H
15/12/2018,Torino,Juventus,0,1,A
16/12/2018,Cagliari,Napoli,0,1,A
16/12/2018,Fiorentina,Empoli,3,1,H
16/12/2018,Frosinone,Sassuolo,0,2,A
16/12/2018,Roma,Genoa,3,2,H
16/12/2018,Sampdoria,Parma,2,0,H
16/12/2018,Spal,Chievo,0,0,D
17/12/2018,Atalanta,Lazio,1,0,H
18/12/2018,Bologna,Milan,0,0,D
22/12/2018,Chievo,Inter,1,1,D
22/12/2018,Empoli,Sampdoria,2,4,A
22/12/2018,Genoa,Atalanta,3,1,H
22/12/2018,Juventus,Roma,1,0,H
22/12/2018,Lazio,Cagliari,3,1,H
22/12/2018,Milan,Fiorentina,0,1,A
22/12/2018,Napoli,Spal,1,0,H
22/12/2018,Parma,Bologna,0,0,D
22/12/2018,Sassuolo,Torino,1,1,D
22/12/2018,Udinese,Frosinone,1,1,D
26/12/2018,Atalanta,Juventus,2,2,D
26/12/2018,Bologna,Lazio,0,2,A
26/12/2018,Cagliari,Genoa,1,0,H
26/12/2018,Fiorentina,Parma,0,1,A
26/12/2018,Frosinone,Milan,0,0,D
26/12/2018,Inter,Napoli,1,0,H
26/12/2018,Roma,Sassuolo,3,1,H
26/12/2018,Sampdoria,Chievo,2,0,H
26/12/2018,Spal,Udinese,0,0,D
26/12/2018,Torino,Empoli,3,0,H
29/12/2018,Chievo,Frosinone,1,0,H
29/12/2018,Empoli,Inter,0,1,A
29/12/2018,Genoa,Fiorentina,0,0,D
29/12/2018,Juventus,Sampdoria,2,1,H
29/12/2018,Lazio,Torino,1,1,D
29/12/2018,Milan,Spal,2,1,H
29/12/2018,Napoli,Bologna,3,2,H
29/12/2018,Parma,Roma,0,2,A
29/12/2018,Sassuolo,Atalanta,2,6,A
29/12/2018,Udinese,Cagliari,2,0,H
19/01/2019,Inter,Sassuolo,0,0,D
19/01/2019,Roma,Torino,3,2,H
19/01/2019,Udinese,Parma,1,2,A
20/01/2019,Cagliari,Empoli,2,2,D
20/01/2019,Fiorentina,Sampdoria,3,3,D
20/01/2019,Frosinone,Atalanta,0,5,A
20/01/2019,Napoli,Lazio,2,1,H
20/01/2019,Spal,Bologna,1,1,D
21/01/2019,Genoa,Milan,0,2,A
21/01/2019,Juventus,Chievo,3,0,H
26/01/2019,Milan,Napoli,0,0,D
26/01/2019,Sampdoria,Udinese,4,0,H
26/01/2019,Sassuolo,Cagliari,3,0,H
27/01/2019,Atalanta,Roma,3,3,D
27/01/2019,Bologna,Frosinone,0,4,A
27/01/2019,Chievo,Fiorentina,3,4,A
27/01/2019,Lazio,Juventus,1,2,A
27/01/2019,Parma,Spal,2,3,A
27/01/2019,Torino,Inter,1,0,H
28/01/2019,Empoli,Genoa,1,3,A
02/02/2019,Empoli,Chievo,2,2,D
02/02/2019,Juventus,Parma,3,3,D
02/02/2019,Napoli,Sampdoria,3,0,H
03/02/2019,Genoa,Sassuolo,1,1,D
03/02/2019,Inter,Bologna,0,1,A
03/02/2019,Roma,Milan,1,1,D
03/02/2019,Spal,Torino,0,0,D
03/02/2019,Udinese,Fiorentina,1,1,D
04/02/2019,Cagliari,Atalanta,0,1,A
04/02/2019,Frosinone,Lazio,0,1,A
07/02/2019,Lazio,Empoli,1,0,H
08/02/2019,Chievo,Roma,0,3,A
09/02/2019,Fiorentina,Napoli,0,0,D
09/02/2019,Parma,Inter,0,1,A
10/02/2019,Atalanta,Spal,2,1,H
10/02/2019,Bologna,Genoa,1,1,D
10/02/2019,Milan,Cagliari,3,0,H
10/02/2019,Sampdoria,Frosinone,0,1,A
10/02/2019,Sassuolo,Juventus,0,3,A
10/02/2019,Torino,Udinese,1,0,H
15/02/2019,Juventus,Frosinone,3,0,H
16/02/2019,Atalanta,Milan,1,3,A
16/02/2019,Cagliari,Parma,2,1,H
17/02/2019,Empoli,Sassuolo,3,0,H
17/02/2019,Genoa,Lazio,2,1,H
17/02/2019,Inter,Sampdoria,2,1,H
17/02/2019,Napoli,Torino,0,0,D
17/02/2019,Spal,Fiorentina,1,4,A
17/02/2019,Udinese,Chievo,1,0,H
18/02/2019,Roma,Bologna,2,1,H
22/02/2019,Milan,Empoli,3,0,H
23/02/2019,Frosinone,Roma,2,3,A
23/02/2019,Torino,Atalanta,2,0,H
24/02/2019,Bologna,Juventus,0,1,A
24/02/2019,Chievo,Genoa,0,0,D
24/02/2019,Fiorentina,Inter,3,3,D
24/02/2019,Parma,Napoli,0,4,A
24/02/2019,Sampdoria,Cagliari,1,0,H
24/02/2019,Sassuolo,Spal,1,1,D
01/03/2019,Cagliari,Inter,2,1,H
02/03/2019,Empoli,Parma,3,3,D
02/03/2019,Lazio,Roma,3,0,H
02/03/2019,Milan,Sassuolo,1,0,H
03/03/2019,Atalanta,Fiorentina,3,1,H
03/03/2019,Genoa,Frosinone,0,0,D
03/03/2019,Napoli,Juventus,1,2,A
03/03/2019,Spal,Sampdoria,1,2,A
03/03/2019,Torino,Chievo,3,0,H
03/03/2019,Udinese,Bologna,2,1,H
08/03/2019,Juventus,Udinese,4,1,H
09/03/2019,Chievo,Milan,1,2,A
09/03/2019,Parma,Genoa,1,0,H
10/03/2019,Bologna,Cagliari,2,0,H
10/03/2019,Fiorentina,Lazio,1,1,D
10/03/2019,Frosinone,Torino,1,2,A
10/03/2019,Inter,Spal,2,0,H
10/03/2019,Sampdoria,Atalanta,1,2,A
10/03/2019,Sassuolo,Napoli,1,1,D
11/03/2019,Roma,Empoli,2,1,H
15/03/2019,Cagliari,Fiorentina,2,1,H
16/03/2019,Sassuolo,Sampdoria,3,5,A
16/03/2019,Spal,Roma,2,1,H
16/03/2019,Torino,Bologna,2,3,A
17/03/2019,Atalanta,Chievo,1,1,D
17/03/2019,Empoli,Frosinone,2,1,H
17/03/2019,Genoa,Juventus,2,0,H
17/03/2019,Lazio,Parma,4,1,H
17/03/2019,Milan,Inter,2,3,A
17/03/2019,Napoli,Udinese,4,2,H
29/03/2019,Chievo,Cagliari,0,3,A
30/03/2019,Juventus,Empoli,1,0,H
30/03/2019,Sampdoria,Milan,1,0,H
30/03/2019,Udinese,Genoa,2,0,H
31/03/2019,Bologna,Sassuolo,2,1,H
31/03/2019,Fiorentina,Torino,1,1,D
31/03/2019,Frosinone,Spal,0,1,A
31/03/2019,Inter,Lazio,0,1,A
31/03/2019,Parma,Atalanta,1,3,A
31/03/2019,Roma,Napoli,1,4,A
02/04/2019,Cagliari,Juventus,0,2,A
02/04/2019,Milan,Udinese,1,1,D
03/04/2019,Empoli,Napoli,2,1,H
03/04/2019,Frosinone,Parma,3,2,H
03/04/2019,Genoa,Inter,0,4,A
03/04/2019,Roma,Fiorentina,2,2,D
03/04/2019,Spal,Lazio,1,0,H
03/04/2019,Torino,Sampdoria,2,1,H
04/04/2019,Atalanta,Bologna,4,1,H
04/04/2019,Sassuolo,Chievo,4,0,H
06/04/2019,Juventus,Milan,2,1,H
06/04/2019,Parma,Torino,0,0,D
06/04/2019,Sampdoria,Roma,0,1,A
07/04/2019,Cagliari,Spal,2,1,H
07/04/2019,Fiorentina,Frosinone,0,1,A
07/04/2019,Inter,Atalanta,0,0,D
07/04/2019,Lazio,Sassuolo,2,2,D
07/04/2019,Napoli,Genoa,1,1,D
07/04/2019,Udinese,Empoli,3,2,H
08/04/2019,Bologna,Chievo,3,0,H
13/04/2019,Milan,Lazio,1,0,H
13/04/2019,Roma,Udinese,1,0,H
13/04/2019,Spal,Juventus,2,1,H
14/04/2019,Chievo,Napoli,1,3,A
14/04/2019,Fiorentina,Bologna,0,0,D
14/04/2019,Frosinone,Inter,1,3,A
14/04/2019,Sampdoria,Genoa,2,0,H
14/04/2019,Sassuolo,Parma,0,0,D
14/04/2019,Torino,Cagliari,1,1,D
15/04/2019,Atalanta,Empoli,0,0,D
17/04/2019,Lazio,Udinese,2,0,H
20/04/2019,Bologna,Sampdoria,3,0,H
20/04/2019,Cagliari,Frosinone,1,0,H
20/04/2019,Empoli,Spal,2,4,A
20/04/2019,Genoa,Torino,0,1,A
20/04/2019,Inter,Roma,1,1,D
20/04/2019,Juventus,Fiorentina,2,1,H
20/04/2019,Lazio,Chievo,1,2,A
20/04/2019,Parma,Milan,1,1,D
20/04/2019,Udinese,Sassuolo,1,1,D
22/04/2019,Napoli,Atalanta,1,2,A
27/04/2019,Bologna,Empoli,3,1,H
27/04/2019,Inter,Juventus,1,1,D
27/04/2019,Roma,Cagliari,3,0,H
28/04/2019,Chievo,Parma,1,1,D
28/04/2019,Frosinone,Napoli,0,2,A
28/04/2019,Sampdoria,Lazio,1,2,A
28/04/2019,Spal,Genoa,1,1,D
28/04/2019,Torino,Milan,2,0,H
29/04/2019,Atalanta,Udinese,2,0,H
29/04/2019,Fiorentina,Sassuolo,0,1,A
03/05/2019,Juventus,Torino,1,1,D
04/05/2019,Chievo,Spal,0,4,A
04/05/2019,Udinese,Inter,0,0,D
05/05/2019,Empoli,Fiorentina,1,0,H
05/05/2019,Genoa,Roma,1,1,D
05/05/2019,Lazio,Atalanta,1,3,A
05/05/2019,Napoli,Cagliari,2,1,H
05/05/2019,Parma,Sampdoria,3,3,D
05/05/2019,Sassuolo,Frosinone,2,2,D
06/05/2019,Milan,Bologna,2,1,H
11/05/2019,Atalanta,Genoa,2,1,H
11/05/2019,Cagliari,Lazio,1,2,A
11/05/2019,Fiorentina,Milan,0,1,A
12/05/2019,Frosinone,Udinese,1,3,A
12/05/2019,Roma,Juventus,2,0,H
12/05/2019,Sampdoria,Empoli,1,2,A
12/05/2019,Spal,Napoli,1,2,A
12/05/2019,Torino,Sassuolo,3,2,H
13/05/2019,Bologna,Parma,4,1,H
13/05/2019,Inter,Chievo,2,0,H
18/05/2019,Genoa,Cagliari,1,1,D
18/05/2019,Sassuolo,Roma,0,0,D
18/05/2019,Udinese,Spal,3,2,H
19/05/2019,Chievo,Sampdoria,0,0,D
19/05/2019,Empoli,Torino,4,1,H
19/05/2019,Juventus,Atalanta,1,1,D
19/05/2019,Milan,Frosinone,2,0,H
19/05/2019,Napoli,Inter,4,1,H
19/05/2019,Parma,Fiorentina,1,0,H
20/05/2019,Lazio,Bologna,3,3,D
25/05/2019,Bologna,Napoli,3,2,H
25/05/2019,Frosinone,Chievo,0,0,D
26/05/2019,Atalanta,Sassuolo,3,1,H
26/05/2019,Cagliari,Udinese,1,2,A
26/05/2019,Fiorentina,Genoa,0,0,D
26/05/2019,Inter,Empoli,2,1,H
26/05/2019,Roma,Parma,2,1,H
26/05/2019,Sampdoria,Juventus,2,0,H
26/05/2019,Spal,Milan,2,3,A
26/05/2019,Torino,Lazio,3,1,H
24/08/2019,Parma,Juventus,0,1,A
24/08/2019,Fiorentina,Napoli,3,4,A
25/08/2019,Udinese,Milan,1,0,H
25/08/2019,Cagliari,Brescia,0,1,A
25/08/2019,Roma,Genoa,3,3,D
25/08/2019,Sampdoria,Lazio,0,3,A
25/08/2019,Spal,Atalanta,2,3,A
25/08/2019,Torino,Sassuolo,2,1,H
25/08/2019,Verona,Bologna,1,1,D
26/08/2019,Inter,Lecce,4,0,H
30/08/2019,Bologna,Spal,1,0,H
31/08/2019,Milan,Brescia,1,0,H
31/08/2019,Juventus,Napoli,4,3,H
01/09/2019,Lazio,Roma,1,1,D
01/09/2019,Atalanta,Torino,2,3,A
01/09/2019,Cagliari,Inter,1,2,A
01/09/2019,Genoa,Fiorentina,2,1,H
01/09/2019,Lecce,Verona,0,1,A
01/09/2019,Sassuolo,Sampdoria,4,1,H
01/09/2019,Udinese,Parma,1,3,A
14/09/2019,Fiorentina,Juventus,0,0,D
14/09/2019,Napoli,Sampdoria,2,0,H
14/09/2019,Inter,Udinese,1,0,H
15/09/2019,Genoa,Atalanta,1,2,A
15/09/2019,Brescia,Bologna,3,4,A
15/09/2019,Parma,Cagliari,1,3,A
15/09/2019,Spal,Lazio,2,1,H
15/09/2019,Roma,Sassuolo,4,2,H
15/09/2019,Verona,Milan,0,1,A
16/09/2019,Torino,Lecce,1,2,A
20/09/2019,Cagliari,Genoa,3,1,H
21/09/2019,Udinese,Brescia,0,1,A
21/09/2019,Juventus,Verona,2,1,H
21/09/2019,Milan,Inter,0,2,A
22/09/2019,Sassuolo,Spal,3,0,H
22/09/2019,Bologna,Roma,1,2,A
22/09/2019,Lecce,Napoli,1,4,A
22/09/2019,Sampdoria,Torino,1,0,H
22/09/2019,Atalanta,Fiorentina,2,2,D
22/09/2019,Lazio,Parma,2,0,H
24/09/2019,Verona,Udinese,0,0,D
24/09/2019,Brescia,Juventus,1,2,A
25/09/2019,Roma,Atalanta,0,2,A
25/09/2019,Fiorentina,Sampdoria,2,1,H
25/09/2019,Genoa,Bologna,0,0,D
25/09/2019,Inter,Lazio,1,0,H
25/09/2019,Napoli,Cagliari,0,1,A
25/09/2019,Parma,Sassuolo,1,0,H
25/09/2019,Spal,Lecce,1,3,A
26/09/2019,Torino,Milan,2,1,H
28/09/2019,Juventus,Spal,2,0,H
28/09/2019,Sampdoria,Inter,1,3,A
28/09/2019,Sassuolo,Atalanta,1,4,A
29/09/2019,Napoli,Brescia,2,1,H
29/09/2019,Lazio,Genoa,4,0,H
29/09/2019,Lecce,Roma,0,1,A
29/09/2019,Udinese,Bologna,1,0,H
29/09/2019,Cagliari,Verona,1,1,D
29/09/2019,Milan,Fiorentina,1,3,A
30/09/2019,Parma,Torino,3,2,H
05/10/2019,Spal,Parma,1,0,H
05/10/2019,Verona,Sampdoria,2,0,H
05/10/2019,Genoa,Milan,1,2,A
06/10/2019,Fiorentina,Udinese,1,0,H
06/10/2019,Atalanta,Lecce,3,1,H
06/10/2019,Bologna,Lazio,2,2,D
06/10/2019,Roma,Cagliari,1,1,D
06/10/2019,Torino,Napoli,0,0,D
06/10/2019,Inter,Juventus,1,2,A
19/10/2019,Lazio,Atalanta,3,3,D
19/10/2019,Napoli,Verona,2,0,H
19/10/2019,Juventus,Bologna,2,1,H
20/10/2019,Sassuolo,Inter,3,4,A
20/10/2019,Cagliari,Spal,2,0,H
20/10/2019,Sampdoria,Roma,0,0,D
20/10/2019,Udinese,Torino,1,0,H
20/10/2019,Parma,Genoa,5,1,H
20/10/2019,Milan,Lecce,2,2,D
21/10/2019,Brescia,Fiorentina,0,0,D
25/10/2019,Verona,Sassuolo,0,1,A
26/10/2019,Lecce,Juventus,1,1,D
26/10/2019,Inter,Parma,2,2,D
26/10/2019,Genoa,Brescia,3,1,H
27/10/2019,Bologna,Sampdoria,2,1,H
27/10/2019,Atalanta,Udinese,7,1,H
27/10/2019,Spal,Napoli,1,1,D
27/10/2019,Torino,Cagliari,1,1,D
27/10/2019,Roma,Milan,2,1,H
27/10/2019,Fiorentina,Lazio,1,2,A
29/10/2019,Parma,Verona,0,1,A
29/10/2019,Brescia,Inter,1,2,A
30/10/2019,Napoli,Atalanta,2,2,D
30/10/2019,Cagliari,Bologna,3,2,H
30/10/2019,Juventus,Genoa,2,1,H
30/10/2019,Lazio,Torino,4,0,H
30/10/2019,Sampdoria,Lecce,1,1,D
30/10/2019,Sassuolo,Fiorentina,1,2,A
30/10/2019,Udinese,Roma,0,4,A
31/10/2019,Milan,Spal,1,0,H
02/11/2019,Roma,Napoli,2,1,H
02/11/2019,Bologna,Inter,1,2,A
02/11/2019,Torino,Juventus,0,1,A
03/11/2019,Atalanta,Cagliari,0,2,A
03/11/2019,Genoa,Udinese,1,3,A
03/11/2019,Lecce,Sassuolo,2,2,D
03/11/2019,Verona,Brescia,2,1,H
03/11/2019,Fiorentina,Parma,1,1,D
03/11/2019,Milan,Lazio,1,2,A
04/11/2019,Spal,Sampdoria,0,1,A
08/11/2019,Sassuolo,Bologna,3,1,H
09/11/2019,Brescia,Torino,0,4,A
09/11/2019,Inter,Verona,2,1,H
09/11/2019,Napoli,Genoa,0,0,D
10/11/2019,Cagliari,Fiorentina,5,2,H
10/11/2019,Lazio,Lecce,4,2,H
10/11/2019,Sampdoria,Atalanta,0,0,D
10/11/2019,Udinese,Spal,0,0,D
10/11/2019,Parma,Roma,2,0,H
10/11/2019,Juventus,Milan,1,0,H
23/11/2019,Atalanta,Juventus,1,3,A
23/11/2019,Milan,Napoli,1,1,D
23/11/2019,Torino,Inter,0,3,A
24/11/2019,Bologna,Parma,2,2,D
24/11/2019,Roma,Brescia,3,0,H
24/11/2019,Sassuolo,Lazio,1,2,A
24/11/2019,Verona,Fiorentina,1,0,H
24/11/2019,Sampdoria,Udinese,2,1,H
25/11/2019,Lecce,Cagliari,2,2,D
25/11/2019,Spal,Genoa,1,1,D
30/11/2019,Brescia,Atalanta,0,3,A
30/11/2019,Genoa,Torino,0,1,A
30/11/2019,Fiorentina,Lecce,0,1,A
01/12/2019,Juventus,Sassuolo,2,2,D
01/12/2019,Inter,Spal,2,1,H
01/12/2019,Lazio,Udinese,3,0,H
01/12/2019,Parma,Milan,0,1,A
01/12/2019,Napoli,Bologna,1,2,A
01/12/2019,Verona,Roma,1,3,A
02/12/2019,Cagliari,Sampdoria,4,3,H
06/12/2019,Inter,Roma,0,0,D
07/12/2019,Atalanta,Verona,3,2,H
07/12/2019,Udinese,Napoli,1,1,D
07/12/2019,Lazio,Juventus,3,1,H
08/12/2019,Lecce,Genoa,2,2,D
08/12/2019,Sassuolo,Cagliari,2,2,D
08/12/2019,Spal,Brescia,0,1,A
08/12/2019,Torino,Fiorentina,2,1,H
08/12/2019,Sampdoria,Parma,0,1,A
08/12/2019,Bologna,Milan,2,3,A
14/12/2019,Brescia,Lecce,3,0,H
14/12/2019,Napoli,Parma,1,2,A
14/12/2019,Genoa,Sampdoria,0,1,A
15/12/2019,Verona,Torino,3,3,D
15/12/2019,Bologna,Atalanta,2,1,H
15/12/2019,Juventus,Udinese,3,1,H
15/12/2019,Milan,Sassuolo,0,0,D
15/12/2019,Roma,Spal,3,1,H
15/12/2019,Fiorentina,Inter,1,1,D
16/12/2019,Cagliari,Lazio,1,2,A
18/12/2019,Sampdoria,Juventus,1,2,A
18/12/2019,Brescia,Sassuolo,0,2,A
20/12/2019,Fiorentina,Roma,1,4,A
21/12/2019,Udinese,Cagliari,2,1,H
21/12/2019,Inter,Genoa,4,0,H
21/12/2019,Torino,Spal,1,2,A
22/12/2019,Atalanta,Milan,5,0,H
22/12/2019,Lecce,Bologna,2,3,A
22/12/2019,Parma,Brescia,1,1,D
22/12/2019,Sassuolo,Napoli,1,2,A
05/01/2020,Brescia,Lazio,1,2,A
05/01/2020,Spal,Verona,0,2,A
05/01/2020,Genoa,Sassuolo,2,1,H
05/01/2020,Roma,Torino,0,2,A
06/01/2020,Bologna,Fiorentina,1,1,D
06/01/2020,Atalanta,Parma,5,0,H
06/01/2020,Juventus,Cagliari,4,0,H
06/01/2020,Milan,Sampdoria,0,0,D
06/01/2020,Lecce,Udinese,0,1,A
06/01/2020,Napoli,Inter,1,3,A
11/01/2020,Cagliari,Milan,0,2,A
11/01/2020,Lazio,Napoli,1,0,H
11/01/2020,Inter,Atalanta,1,1,D
12/01/2020,Udinese,Sassuolo,3,0,H
12/01/2020,Fiorentina,Spal,1,0,H
12/01/2020,Sampdoria,Brescia,5,1,H
12/01/2020,Torino,Bologna,1,0,H
12/01/2020,Verona,Genoa,2,1,H
12/01/2020,Roma,Juventus,1,2,A
13/01/2020,Parma,Lecce,2,0,H
18/01/2020,Lazio,Sampdoria,5,1,H
18/01/2020,Sassuolo,Torino,2,1,H
18/01/2020,Napoli,Fiorentina,0,2,A
19/01/2020,Milan,Udinese,3,2,H
19/01/2020,Bologna,Verona,1,1,D
19/01/2020,Brescia,Cagliari,2,2,D
19/01/2020,Lecce,Inter,1,1,D
19/01/2020,Genoa,Roma,1,3,A
19/01/2020,Juventus,Parma,2,1,H
20/01/2020,Atalanta,Spal,1,2,A
24/01/2020,Brescia,Milan,0,1,A
25/01/2020,Spal,Bologna,1,3,A
25/01/2020,Fiorentina,Genoa,0,0,D
25/01/2020,Torino,Atalanta,0,7,A
26/01/2020,Inter,Cagliari,1,1,D
26/01/2020,Parma,Udinese,2,0,H
26/01/2020,Sampdoria,Sassuolo,0,0,D
26/01/2020,Verona,Lecce,3,0,H
26/01/2020,Roma,Lazio,1,1,D
26/01/2020,Napoli,Juventus,2,1,H
01/02/2020,Bologna,Brescia,2,1,H
01/02/2020,Cagliari,Parma,2,2,D
01/02/2020,Sassuolo,Roma,4,2,H
02/02/2020,Juventus,Fiorentina,3,0,H
02/02/2020,Atalanta,Genoa,2,2,D
02/02/2020,Lazio,Spal,5,1,H
02/02/2020,Milan,Verona,1,1,D
02/02/2020,Lecce,Torino,4,0,H
02/02/2020,Udinese,Inter,0,2,A
03/02/2020,Sampdoria,Napoli,2,4,A
05/02/2020,Lazio,Verona,0,0,D
07/02/2020,Roma,Bologna,2,3,A
08/02/2020,Fiorentina,Atalanta,1,2,A
08/02/2020,Torino,Sampdoria,1,3,A
08/02/2020,Verona,Juventus,2,1,H
09/02/2020,Spal,Sassuolo,1,2,A
09/02/2020,Brescia,Udinese,1,1,D
09/02/2020,Genoa,Cagliari,1,0,H
09/02/2020,Napoli,Lecce,2,3,A
09/02/2020,Parma,Lazio,0,1,A
09/02/2020,Inter,Milan,4,2,H
15/02/2020,Lecce,Spal,2,1,H
15/02/2020,Bologna,Genoa,0,3,A
15/02/2020,Atalanta,Roma,2,1,H
16/02/2020,Udinese,Verona,0,0,D
16/02/2020,Juventus,Brescia,2,0,H
16/02/2020,Sampdoria,Fiorentina,1,5,A
16/02/2020,Sassuolo,Parma,0,1,A
16/02/2020,Cagliari,Napoli,0,1,A
16/02/2020,Lazio,Inter,2,1,H
17/02/2020,Milan,Torino,1,0,H
21/02/2020,Brescia,Napoli,1,2,A
22/02/2020,Bologna,Udinese,1,1,D
22/02/2020,Spal,Juventus,1,2,A
22/02/2020,Fiorentina,Milan,1,1,D
23/02/2020,Genoa,Lazio,2,3,A
23/02/2020,Roma,Lecce,4,0,H
29/02/2020,Lazio,Bologna,2,0,H
29/02/2020,Napoli,Torino,2,1,H
01/03/2020,Lecce,Atalanta,2,7,A
01/03/2020,Cagliari,Roma,3,4,A
08/03/2020,Parma,Spal,0,1,A
08/03/2020,Milan,Genoa,1,2,A
08/03/2020,Sampdoria,Verona,2,1,H
08/03/2020,Udinese,Fiorentina,0,0,D
08/03/2020,Juventus,Inter,2,0,H
09/03/2020,Sassuolo,Brescia,3,0,H
20/06/2020,Torino,Parma,1,1,D
20/06/2020,Verona,Cagliari,2,1,H
21/06/2020,Atalanta,Sassuolo,4,1,H
21/06/2020,Inter,Sampdoria,2,1,H
22/06/2020,Fiorentina,Brescia,1,1,D
22/06/2020,Lecce,Milan,1,4,A
22/06/2020,Bologna,Juventus,0,2,A
23/06/2020,Spal,Cagliari,0,1,A
23/06/2020,Verona,Napoli,0,2,A
23/06/2020,Genoa,Parma,1,4,A
23/06/2020,Torino,Udinese,1,0,H
24/06/2020,Inter,Sassuolo,3,3,D
24/06/2020,Atalanta,Lazio,3,2,H
24/06/2020,Roma,Sampdoria,2,1,H
26/06/2020,Juventus,Lecce,4,0,H
27/06/2020,Brescia,Genoa,2,2,D
27/06/2020,Cagliari,Torino,4,2,H
27/06/2020,Lazio,Fiorentina,2,1,H
28/06/2020,Milan,Roma,2,0,H
28/06/2020,Napoli,Spal,3,1,H
28/06/2020,Sampdoria,Bologna,1,2,A
28/06/2020,Sassuolo,Verona,3,3,D
28/06/2020,Udinese,Atalanta,2,3,A
28/06/2020,Parma,Inter,1,2,A
30/06/2020,Torino,Lazio,1,2,A
30/06/2020,Genoa,Juventus,1,3,A
01/07/2020,Bologna,Cagliari,1,1,D
01/07/2020,Inter,Brescia,6,0,H
01/07/2020,Fiorentina,Sassuolo,1,3,A
01/07/2020,Lecce,Sampdoria,1,2,A
01/07/2020,Spal,Milan,2,2,D
01/07/2020,Verona,Parma,3,2,H
02/07/2020,Atalanta,Napoli,2,0,H
02/07/2020,Roma,Udinese,0,2,A
04/07/2020,Juventus,Torino,4,1,H
04/07/2020,Sassuolo,Lecce,4,2,H
04/07/2020,Lazio,Milan,0,3,A
05/07/2020,Inter,Bologna,1,2,A
05/07/2020,Brescia,Verona,2,0,H
05/07/2020,Cagliari,Atalanta,0,1,A
05/07/2020,Parma,Fiorentina,1,2,A
05/07/2020,Sampdoria,Spal,3,0,H
05/07/2020,Udinese,Genoa,2,2,D
05/07/2020,Napoli,Roma,2,1,H
07/07/2020,Lecce,Lazio,2,1,H
07/07/2020,Milan,Juventus,4,2,H
08/07/2020,Fiorentina,Cagliari,0,0,D
08/07/2020,Genoa,Napoli,1,2,A
08/07/2020,Atalanta,Sampdoria,2,0,H
08/07/2020,Bologna,Sassuolo,1,2,A
08/07/2020,Roma,Parma,2,1,H
08/07/2020,Torino,Brescia,3,1,H
09/07/2020,Spal,Udinese,0,3,A
09/07/2020,Verona,Inter,2,2,D
11/07/2020,Lazio,Sassuolo,1,2,A
11/07/2020,Brescia,Roma,0,3,A
11/07/2020,Juventus,Atalanta,2,2,D
12/07/2020,Genoa,Spal,2,0,H
12/07/2020,Cagliari,Lecce,0,0,D
12/07/2020,Fiorentina,Verona,1,1,D
12/07/2020,Parma,Bologna,2,2,D
12/07/2020,Udinese,Sampdoria,1,3,A
12/07/2020,Napoli,Milan,2,2,D
13/07/2020,Inter,Torino,3,1,H
14/07/2020,Atalanta,Brescia,6,2,H
15/07/2020,Bologna,Napoli,1,1,D
15/07/2020,Milan,Parma,3,1,H
15/07/2020,Sampdoria,Cagliari,3,0,H
15/07/2020,Lecce,Fiorentina,1,3,A
15/07/2020,Roma,Verona,2,1,H
15/07/2020,Sassuolo,Juventus,3,3,D
15/07/2020,Udinese,Lazio,0,0,D
16/07/2020,Torino,Genoa,3,0,H
16/07/2020,Spal,Inter,0,4,A
18/07/2020,Verona,Atalanta,1,1,D
18/07/2020,Cagliari,Sassuolo,1,1,D
18/07/2020,Milan,Bologna,5,1,H
19/07/2020,Parma,Sampdoria,2,3,A
19/07/2020,Brescia,Spal,2,1,H
19/07/2020,Fiorentina,Torino,2,0,H
19/07/2020,Genoa,Lecce,2,1,H
19/07/2020,Napoli,Udinese,2,1,H
19/07/2020,Roma,Inter,2,2,D
20/07/2020,Juventus,Lazio,2,1,H
21/07/2020,Atalanta,Bologna,1,0,H
21/07/2020,Sassuolo,Milan,1,2,A
22/07/2020,Parma,Napoli,2,1,H
22/07/2020,Inter,Fiorentina,0,0,D
22/07/2020,Lecce,Brescia,3,1,H
22/07/2020,Sampdoria,Genoa,1,2,A
22/07/2020,Spal,Roma,1,6,A
22/07/2020,Torino,Verona,1,1,D
23/07/2020,Udinese,Juventus,2,1,H
23/07/2020,Lazio,Cagliari,2,1,H
24/07/2020,Milan,Atalanta,1,1,D
25/07/2020,Brescia,Parma,1,2,A
25/07/2020,Genoa,Inter,0,3,A
25/07/2020,Napoli,Sassuolo,2,0,H
26/07/2020,Bologna,Lecce,3,2,H
26/07/2020,Cagliari,Udinese,0,1,A
26/07/2020,Roma,Fiorentina,2,1,H
26/07/2020,Spal,Torino,1,1,D
26/07/2020,Verona,Lazio,1,5,A
26/07/2020,Juventus,Sampdoria,2,0,H
28/07/2020,Parma,Atalanta,1,2,A
28/07/2020,Inter,Napoli,2,0,H
29/07/2020,Lazio,Brescia,2,0,H
29/07/2020,Sampdoria,Milan,1,4,A
29/07/2020,Sassuolo,Genoa,5,0,H
29/07/2020,Udinese,Lecce,1,2,A
29/07/2020,Verona,Spal,3,0,H
29/07/2020,Cagliari,Juventus,2,0,H
29/07/2020,Fiorentina,Bologna,4,0,H
29/07/2020,Torino,Roma,2,3,A
01/08/2020,Brescia,Sampdoria,1,1,D
01/08/2020,Atalanta,Inter,0,2,A
01/08/2020,Juventus,Roma,1,3,A
01/08/2020,Milan,Cagliari,3,0,H
01/08/2020,Napoli,Lazio,3,1,H
02/08/2020,Spal,Fiorentina,1,3,A
02/08/2020,Bologna,Torino,1,1,D
02/08/2020,Genoa,Verona,3,0,H
02/08/2020,Lecce,Parma,3,4,A
02/08/2020,Sassuolo,Udinese,0,1,A
19/09/2020,Fiorentina,Torino,1,0,H
19/09/2020,Verona,Roma,0,0,D
20/09/2020,Parma,Napoli,0,2,A
20/09/2020,Genoa,Crotone,4,1,H
20/09/2020,Sassuolo,Cagliari,1,1,D
20/09/2020,Juventus,Sampdoria,3,0,H
21/09/2020,Milan,Bologna,2,0,H
26/09/2020,Torino,Atalanta,2,4,A
26/09/2020,Cagliari,Lazio,0,2,A
26/09/2020,Sampdoria,Benevento,2,3,A
26/09/2020,Inter,Fiorentina,4,3,H
27/09/2020,Spezia,Sassuolo,1,4,A
27/09/2020,Napoli,Genoa,6,0,H
27/09/2020,Verona,Udinese,1,0,H
27/09/2020,Crotone,Milan,0,2,A
27/09/2020,Roma,Juventus,2,2,D
28/09/2020,Bologna,Parma,4,1,H
30/09/2020,Benevento,Inter,2,5,A
30/09/2020,Udinese,Spezia,0,2,A
30/09/2020,Lazio,Atalanta,1,4,A
02/10/2020,Fiorentina,Sampdoria,1,2,A
03/10/2020,Sassuolo,Crotone,4,1,H
03/10/2020,Udinese,Roma,0,1,A
04/10/2020,Atalanta,Cagliari,5,2,H
04/10/2020,Benevento,Bologna,1,0,H
04/10/2020,Lazio,Inter,1,1,D
04/10/2020,Parma,Verona,1,0,H
04/10/2020,Milan,Spezia,3,0,H
17/10/2020,Napoli,Atalanta,4,1,H
17/10/2020,Inter,Milan,1,2,A
17/10/2020,Sampdoria,Lazio,3,0,H
17/10/2020,Crotone,Juventus,1,1,D
18/10/2020,Bologna,Sassuolo,3,4,A
18/10/2020,Spezia,Fiorentina,2,2,D
18/10/2020,Torino,Cagliari,2,3,A
18/10/2020,Udinese,Parma,3,2,H
18/10/2020,Roma,Benevento,5,2,H
19/10/2020,Verona,Genoa,0,0,D
23/10/2020,Sassuolo,Torino,3,3,D
24/10/2020,Atalanta,Sampdoria,1,3,A
24/10/2020,Genoa,Inter,0,2,A
24/10/2020,Lazio,Bologna,2,1,H
25/10/2020,Cagliari,Crotone,4,2,H
25/10/2020,Benevento,Napoli,1,2,A
25/10/2020,Parma,Spezia,2,2,D
25/10/2020,Fiorentina,Udinese,3,2,H
25/10/2020,Juventus,Verona,1,1,D
26/10/2020,Milan,Roma,3,3,D
31/10/2020,Crotone,Atalanta,1,2,A
31/10/2020,Inter,Parma,2,2,D
31/10/2020,Bologna,Cagliari,3,2,H
01/11/2020,Udinese,Milan,1,2,A
01/11/2020,Spezia,Juventus,1,4,A
01/11/2020,Torino,Lazio,3,4,A
01/11/2020,Napoli,Sassuolo,0,2,A
01/11/2020,Roma,Fiorentina,2,0,H
01/11/2020,Sampdoria,Genoa,1,1,D
02/11/2020,Verona,Benevento,3,1,H
04/11/2020,Genoa,Torino,1,2,A
06/11/2020,Sassuolo,Udinese,0,0,D
07/11/2020,Cagliari,Sampdoria,2,0,H
07/11/2020,Benevento,Spezia,0,3,A
07/11/2020,Parma,Fiorentina,0,0,D
08/11/2020,Lazio,Juventus,1,1,D
08/11/2020,Atalanta,Inter,1,1,D
08/11/2020,Genoa,Roma,1,3,A
08/11/2020,Torino,Crotone,0,0,D
08/11/2020,Bologna,Napoli,0,1,A
08/11/2020,Milan,Verona,2,2,D
21/11/2020,Crotone,Lazio,0,2,A
21/11/2020,Spezia,Atalanta,0,0,D
21/11/2020,Juventus,Cagliari,2,0,H
22/11/2020,Fiorentina,Benevento,0,1,A
22/11/2020,Inter,Torino,4,2,H
22/11/2020,Roma,Parma,3,0,H
22/11/2020,Sampdoria,Bologna,1,2,A
22/11/2020,Verona,Sassuolo,0,2,A
22/11/2020,Udinese,Genoa,1,0,H
22/11/2020,Napoli,Milan,1,3,A
28/11/2020,Sassuolo,Inter,0,3,A
28/11/2020,Benevento,Juventus,1,1,D
28/11/2020,Atalanta,Verona,0,2,A
29/11/2020,Lazio,Udinese,1,3,A
29/11/2020,Bologna,Crotone,1,0,H
29/11/2020,Milan,Fiorentina,2,0,H
29/11/2020,Cagliari,Spezia,2,2,D
29/11/2020,Napoli,Roma,4,0,H
30/11/2020,Torino,Sampdoria,2,2,D
30/11/2020,Genoa,Parma,1,2,A
05/12/2020,Spezia,Lazio,1,2,A
05/12/2020,Juventus,Torino,2,1,H
05/12/2020,Inter,Bologna,3,1,H
06/12/2020,Verona,Cagliari,1,1,D
06/12/2020,Parma,Benevento,0,0,D
06/12/2020,Roma,Sassuolo,0,0,D
06/12/2020,Crotone,Napoli,0,4,A
06/12/2020,Sampdoria,Milan,1,2,A
07/12/2020,Fiorentina,Genoa,1,1,D
11/12/2020,Sassuolo,Benevento,1,0,H
12/12/2020,Crotone,Spezia,4,1,H
12/12/2020,Torino,Udinese,2,3,A
12/12/2020,Lazio,Verona,1,2,A
13/12/2020,Cagliari,Inter,1,3,A
13/12/2020,Atalanta,Fiorentina,3,0,H
13/12/2020,Bologna,Roma,1,5,A
13/12/2020,Napoli,Sampdoria,2,1,H
13/12/2020,Genoa,Juventus,1,3,A
13/12/2020,Milan,Parma,2,2,D
15/12/2020,Udinese,Crotone,0,0,D
15/12/2020,Benevento,Lazio,1,1,D
16/12/2020,Juventus,Atalanta,1,1,D
16/12/2020,Fiorentina,Sassuolo,1,1,D
16/12/2020,Genoa,Milan,2,2,D
16/12/2020,Inter,Napoli,1,0,H
16/12/2020,Parma,Cagliari,0,0,D
16/12/2020,Spezia,Bologna,2,2,D
16/12/2020,Verona,Sampdoria,1,2,A
17/12/2020,Roma,Torino,3,1,H
19/12/2020,Fiorentina,Verona,1,1,D
19/12/2020,Sampdoria,Crotone,3,1,H
19/12/2020,Parma,Juventus,0,4,A
20/12/2020,Torino,Bologna,1,1,D
20/12/2020,Benevento,Genoa,2,0,H
20/12/2020,Cagliari,Udinese,1,1,D
20/12/2020,Inter,Spezia,2,1,H
20/12/2020,Sassuolo,Milan,1,2,A
20/12/2020,Atalanta,Roma,4,1,H
20/12/2020,Lazio,Napoli,2,0,H
22/12/2020,Crotone,Parma,2,1,H
22/12/2020,Juventus,Fiorentina,0,3,A
23/12/2020,Verona,Inter,1,2,A
23/12/2020,Bologna,Atalanta,2,2,D
23/12/2020,Milan,Lazio,3,2,H
23/12/2020,Napoli,Torino,1,1,D
23/12/2020,Roma,Cagliari,3,2,H
23/12/2020,Sampdoria,Sassuolo,2,3,A
23/12/2020,Spezia,Genoa,1,2,A
23/12/2020,Udinese,Benevento,0,2,A
03/01/2021,Inter,Crotone,6,2,H
03/01/2021,Atalanta,Sassuolo,5,1,H
03/01/2021,Cagliari,Napoli,1,4,A
03/01/2021,Fiorentina,Bologna,0,0,D
03/01/2021,Genoa,Lazio,1,1,D
03/01/2021,Parma,Torino,0,3,A
03/01/2021,Roma,Sampdoria,1,0,H
03/01/2021,Spezia,Verona,0,1,A
03/01/2021,Benevento,Milan,0,2,A
03/01/2021,Juventus,Udinese,4,1,H
06/01/2021,Cagliari,Benevento,1,2,A
06/01/2021,Atalanta,Parma,3,0,H
06/01/2021,Bologna,Udinese,2,2,D
06/01/2021,Crotone,Roma,1,3,A
06/01/2021,Lazio,Fiorentina,2,1,H
06/01/2021,Sampdoria,Inter,2,1,H
06/01/2021,Sassuolo,Genoa,2,1,H
06/01/2021,Torino,Verona,1,1,D
06/01/2021,Napoli,Spezia,1,2,A
06/01/2021,Milan,Juventus,1,3,A
09/01/2021,Benevento,Atalanta,1,4,A
09/01/2021,Genoa,Bologna,2,0,H
09/01/2021,Milan,Torino,2,0,H
10/01/2021,Roma,Inter,2,2,D
10/01/2021,Parma,Lazio,0,2,A
10/01/2021,Udinese,Napoli,1,2,A
10/01/2021,Verona,Crotone,2,1,H
10/01/2021,Fiorentina,Cagliari,1,0,H
10/01/2021,Juventus,Sassuolo,3,1,H
11/01/2021,Spezia,Sampdoria,2,1,H
15/01/2021,Lazio,Roma,3,0,H
16/01/2021,Bologna,Verona,1,0,H
16/01/2021,Torino,Spezia,0,0,D
16/01/2021,Sampdoria,Udinese,2,1,H
17/01/2021,Napoli,Fiorentina,6,0,H
17/01/2021,Crotone,Benevento,4,1,H
17/01/2021,Sassuolo,Parma,1,1,D
17/01/2021,Atalanta,Genoa,0,0,D
17/01/2021,Inter,Juventus,2,0,H
18/01/2021,Cagliari,Milan,0,2,A
20/01/2021,Udinese,Atalanta,1,1,D
22/01/2021,Benevento,Torino,2,2,D
23/01/2021,Roma,Spezia,4,3,H
23/01/2021,Milan,Atalanta,0,3,A
23/01/2021,Udinese,Inter,0,0,D
23/01/2021,Fiorentina,Crotone,2,1,H
24/01/2021,Juventus,Bologna,2,0,H
24/01/2021,Genoa,Cagliari,1,0,H
24/01/2021,Verona,Napoli,3,1,H
24/01/2021,Lazio,Sassuolo,2,1,H
24/01/2021,Parma,Sampdoria,0,2,A
29/01/2021,Torino,Fiorentina,1,1,D
30/01/2021,Bologna,Milan,1,2,A
30/01/2021,Sampdoria,Juventus,0,2,A
30/01/2021,Inter,Benevento,4,0,H
31/01/2021,Spezia,Udinese,0,1,A
31/01/2021,Atalanta,Lazio,1,3,A
31/01/2021,Cagliari,Sassuolo,1,1,D
31/01/2021,Crotone,Genoa,0,3,A
31/01/2021,Napoli,Parma,2,0,H
31/01/2021,Roma,Verona,3,1,H
05/02/2021,Fiorentina,Inter,0,2,A
06/02/2021,Atalanta,Torino,3,3,D
06/02/2021,Sassuolo,Spezia,1,2,A
06/02/2021,Juventus,Roma,2,0,H
06/02/2021,Genoa,Napoli,2,1,H
07/02/2021,Benevento,Sampdoria,1,1,D
07/02/2021,Milan,Crotone,4,0,H
07/02/2021,Udinese,Verona,2,0,H
07/02/2021,Parma,Bologna,0,3,A
07/02/2021,Lazio,Cagliari,1,0,H
12/02/2021,Bologna,Benevento,1,1,D
13/02/2021,Torino,Genoa,0,0,D
13/02/2021,Napoli,Juventus,1,0,H
13/02/2021,Spezia,Milan,2,0,H
14/02/2021,Roma,Udinese,3,0,H
14/02/2021,Cagliari,Atalanta,0,1,A
14/02/2021,Sampdoria,Fiorentina,2,1,H
14/02/2021,Crotone,Sassuolo,1,2,A
14/02/2021,Inter,Lazio,3,1,H
15/02/2021,Verona,Parma,2,1,H
19/02/2021,Fiorentina,Spezia,3,0,H
19/02/2021,Cagliari,Torino,0,1,A
20/02/2021,Lazio,Sampdoria,1,0,H
20/02/2021,Genoa,Verona,2,2,D
20/02/2021,Sassuolo,Bologna,1,1,D
21/02/2021,Parma,Udinese,2,2,D
21/02/2021,Milan,Inter,0,3,A
21/02/2021,Atalanta,Napoli,4,2,H
21/02/2021,Benevento,Roma,0,0,D
22/02/2021,Juventus,Crotone,3,0,H
27/02/2021,Spezia,Parma,2,2,D
27/02/2021,Bologna,Lazio,2,0,H
27/02/2021,Verona,Juventus,1,1,D
28/02/2021,Sampdoria,Atalanta,0,2,A
28/02/2021,Crotone,Cagliari,0,2,A
28/02/2021,Inter,Genoa,3,0,H
28/02/2021,Udinese,Fiorentina,1,0,H
28/02/2021,Napoli,Benevento,2,0,H
28/02/2021,Roma,Milan,1,2,A
02/03/2021,Juventus,Spezia,3,0,H
03/03/2021,Sassuolo,Napoli,3,3,D
03/03/2021,Atalanta,Crotone,5,1,H
03/03/2021,Benevento,Verona,0,3,A
03/03/2021,Cagliari,Bologna,1,0,H
03/03/2021,Fiorentina,Roma,1,2,A
03/03/2021,Genoa,Sampdoria,1,1,D
03/03/2021,Milan,Udinese,1,1,D
04/03/2021,Parma,Inter,1,2,A
06/03/2021,Spezia,Benevento,1,1,D
06/03/2021,Udinese,Sassuolo,2,0,H
06/03/2021,Juventus,Lazio,3,1,H
07/03/2021,Roma,Genoa,1,0,H
07/03/2021,Crotone,Torino,4,2,H
07/03/2021,Fiorentina,Parma,3,3,D
07/03/2021,Verona,Milan,0,2,A
07/03/2021,Sampdoria,Cagliari,2,2,D
07/03/2021,Napoli,Bologna,3,1,H
08/03/2021,Inter,Atalanta,1,0,H
12/03/2021,Lazio,Crotone,3,2,H
12/03/2021,Atalanta,Spezia,3,1,H
13/03/2021,Sassuolo,Verona,3,2,H
13/03/2021,Benevento,Fiorentina,1,4,A
13/03/2021,Genoa,Udinese,1,1,D
14/03/2021,Bologna,Sampdoria,3,1,H
14/03/2021,Parma,Roma,2,0,H
14/03/2021,Torino,Inter,1,2,A
14/03/2021,Cagliari,Juventus,1,3,A
14/03/2021,Milan,Napoli,0,1,A
17/03/2021,Torino,Sassuolo,3,2,H
19/03/2021,Parma,Genoa,1,2,A
20/03/2021,Crotone,Bologna,2,3,A
20/03/2021,Spezia,Cagliari,2,1,H
21/03/2021,Verona,Atalanta,0,2,A
21/03/2021,Juventus,Benevento,0,1,A
21/03/2021,Sampdoria,Torino,1,0,H
21/03/2021,Udinese,Lazio,0,1,A
21/03/2021,Fiorentina,Milan,2,3,A
21/03/2021,Roma,Napoli,0,2,A
03/04/2021,Milan,Sampdoria,1,1,D
03/04/2021,Atalanta,Udinese,3,2,H
03/04/2021,Benevento,Parma,2,2,D
03/04/2021,Cagliari,Verona,0,2,A
03/04/2021,Genoa,Fiorentina,1,1,D
03/04/2021,Lazio,Spezia,2,1,H
03/04/2021,Napoli,Crotone,4,3,H
03/04/2021,Sassuolo,Roma,2,2,D
03/04/2021,Torino,Juventus,2,2,D
03/04/2021,Bologna,Inter,0,1,A
07/04/2021,Inter,Sassuolo,2,1,H
07/04/2021,Juventus,Napoli,2,1,H
10/04/2021,Spezia,Crotone,3,2,H
10/04/2021,Parma,Milan,1,3,A
10/04/2021,Udinese,Torino,0,1,A
11/04/2021,Inter,Cagliari,1,0,H
11/04/2021,Juventus,Genoa,3,1,H
11/04/2021,Sampdoria,Napoli,0,2,A
11/04/2021,Verona,Lazio,0,1,A
11/04/2021,Roma,Bologna,1,0,H
11/04/2021,Fiorentina,Atalanta,2,3,A
12/04/2021,Benevento,Sassuolo,0,1,A
17/04/2021,Crotone,Udinese,1,2,A
17/04/2021,Sampdoria,Verona,3,1,H
17/04/2021,Sassuolo,Fiorentina,3,1,H
17/04/2021,Cagliari,Parma,4,3,H
18/04/2021,Milan,Genoa,2,1,H
18/04/2021,Atalanta,Juventus,1,0,H
18/04/2021,Bologna,Spezia,4,1,H
18/04/2021,Lazio,Benevento,5,3,H
18/04/2021,Torino,Roma,3,1,H
18/04/2021,Napoli,Inter,1,1,D
20/04/2021,Verona,Fiorentina,1,2,A
21/04/2021,Milan,Sassuolo,1,2,A
21/04/2021,Bologna,Torino,1,1,D
21/04/2021,Crotone,Sampdoria,0,1,A
21/04/2021,Genoa,Benevento,2,2,D
21/04/2021,Juventus,Parma,3,1,H
21/04/2021,Spezia,Inter,1,1,D
21/04/2021,Udinese,Cagliari,0,1,A
22/04/2021,Roma,Atalanta,1,1,D
22/04/2021,Napoli,Lazio,5,2,H
24/04/2021,Genoa,Spezia,2,0,H
24/04/2021,Parma,Crotone,3,4,A
24/04/2021,Sassuolo,Sampdoria,1,0,H
25/04/2021,Benevento,Udinese,2,4,A
25/04/2021,Fiorentina,Juventus,1,1,D
25/04/2021,Inter,Verona,1,0,H
25/04/2021,Cagliari,Roma,3,2,H
25/04/2021,Atalanta,Bologna,5,0,H
26/04/2021,Torino,Napoli,0,2,A
26/04/2021,Lazio,Milan,3,0,H
01/05/2021,Verona,Spezia,1,1,D
01/05/2021,Crotone,Inter,0,2,A
01/05/2021,Milan,Benevento,2,0,H
02/05/2021,Lazio,Genoa,4,3,H
02/05/2021,Bologna,Fiorentina,3,3,D
02/05/2021,Napoli,Cagliari,1,1,D
02/05/2021,Sassuolo,Atalanta,1,1,D
02/05/2021,Udinese,Juventus,1,2,A
02/05/2021,Sampdoria,Roma,2,0,H
03/05/2021,Torino,Parma,1,0,H
08/05/2021,Spezia,Napoli,1,4,A
08/05/2021,Udinese,Bologna,1,1,D
08/05/2021,Inter,Sampdoria,5,1,H
08/05/2021,Fiorentina,Lazio,2,0,H
09/05/2021,Genoa,Sassuolo,1,2,A
09/05/2021,Benevento,Cagliari,1,3,A
09/05/2021,Parma,Atalanta,2,5,A
09/05/2021,Verona,Torino,1,1,D
09/05/2021,Roma,Crotone,5,0,H
09/05/2021,Juventus,Milan,0,3,A
11/05/2021,Napoli,Udinese,5,1,H
12/05/2021,Cagliari,Fiorentina,0,0,D
12/05/2021,Atalanta,Benevento,2,0,H
12/05/2021,Bologna,Genoa,0,2,A
12/05/2021,Inter,Roma,3,1,H
12/05/2021,Lazio,Parma,1,0,H
12/05/2021,Sampdoria,Spezia,2,2,D
12/05/2021,Sassuolo,Juventus,1,3,A
12/05/2021,Torino,Milan,0,7,A
13/05/2021,Crotone,Verona,2,1,H
15/05/2021,Genoa,Atalanta,3,4,A
15/05/2021,Spezia,Torino,4,1,H
15/05/2021,Juventus,Inter,3,2,H
15/05/2021,Roma,Lazio,2,0,H
16/05/2021,Fiorentina,Napoli,0,2,A
16/05/2021,Benevento,Crotone,1,1,D
16/05/2021,Udinese,Sampdoria,0,1,A
16/05/2021,Parma,Sassuolo,1,3,A
16/05/2021,Milan,Cagliari,0,0,D
17/05/2021,Verona,Bologna,2,2,D
18/05/2021,Lazio,Torino,0,0,D
22/05/2021,Cagliari,Genoa,0,1,A
22/05/2021,Crotone,Fiorentina,0,0,D
22/05/2021,Sampdoria,Parma,3,0,H
23/05/2021,Inter,Udinese,5,1,H
23/05/2021,Atalanta,Milan,0,2,A
23/05/2021,Bologna,Juventus,1,4,A
23/05/2021,Napoli,Verona,1,1,D
23/05/2021,Sassuolo,Lazio,2,0,H
23/05/2021,Spezia,Roma,2,2,D
23/05/2021,Torino,Benevento,1,1,D
21/08/2021,Inter,Genoa,4,0,H
21/08/2021,Verona,Sassuolo,2,3,A
21/08/2021,Empoli,Lazio,1,3,A
21/08/2021,Torino,Atalanta,1,2,A
22/08/2021,Bologna,Salernitana,3,2,H
22/08/2021,Udinese,Juventus,2,2,D
22/08/2021,Napoli,Venezia,2,0,H
22/08/2021,Roma,Fiorentina,3,1,H
23/08/2021,Cagliari,Spezia,2,2,D
23/08/2021,Sampdoria,Milan,0,1,A
27/08/2021,Udinese,Venezia,3,0,H
27/08/2021,Verona,Inter,1,3,A
28/08/2021,Atalanta,Bologna,0,0,D
28/08/2021,Lazio,Spezia,6,1,H
28/08/2021,Fiorentina,Torino,2,1,H
28/08/2021,Juventus,Empoli,0,1,A
29/08/2021,Genoa,Napoli,1,2,A
29/08/2021,Sassuolo,Sampdoria,0,0,D
29/08/2021,Milan,Cagliari,4,1,H
29/08/2021,Salernitana,Roma,0,4,A
11/09/2021,Empoli,Venezia,1,2,A
11/09/2021,Napoli,Juventus,2,1,H
11/09/2021,Atalanta,Fiorentina,1,2,A
12/09/2021,Sampdoria,Inter,2,2,D
12/09/2021,Cagliari,Genoa,2,3,A
12/09/2021,Spezia,Udinese,0,1,A
12/09/2021,Torino,Salernitana,4,0,H
12/09/2021,Milan,Lazio,2,0,H
12/09/2021,Roma,Sassuolo,2,1,H
13/09/2021,Bologna,Verona,1,0,H
17/09/2021,Sassuolo,Torino,0,1,A
18/09/2021,Genoa,Fiorentina,1,2,A
18/09/2021,Inter,Bologna,6,1,H
18/09/2021,Salernitana,Atalanta,0,1,A
19/09/2021,Empoli,Sampdoria,0,3,A
19/09/2021,Venezia,Spezia,1,2,A
19/09/2021,Lazio,Cagliari,2,2,D
19/09/2021,Verona,Roma,3,2,H
19/09/2021,Juventus,Milan,1,1,D
20/09/2021,Udinese,Napoli,0,4,A
21/09/2021,Bologna,Genoa,2,2,D
21/09/2021,Atalanta,Sassuolo,2,1,H
21/09/2021,Fiorentina,Inter,1,3,A
22/09/2021,Salernitana,Verona,2,2,D
22/09/2021,Spezia,Juventus,2,3,A
22/09/2021,Cagliari,Empoli,0,2,A
22/09/2021,Milan,Venezia,2,0,H
23/09/2021,Sampdoria,Napoli,0,4,A
23/09/2021,Torino,Lazio,1,1,D
23/09/2021,Roma,Udinese,1,0,H
25/09/2021,Spezia,Milan,1,2,A
25/09/2021,Inter,Atalanta,2,2,D
25/09/2021,Genoa,Verona,3,3,D
26/09/2021,Juventus,Sampdoria,3,2,H
26/09/2021,Empoli,Bologna,4,2,H
26/09/2021,Sassuolo,Salernitana,1,0,H
26/09/2021,Udinese,Fiorentina,0,1,A
26/09/2021,Lazio,Roma,3,2,H
26/09/2021,Napoli,Cagliari,2,0,H
27/09/2021,Venezia,Torino,1,1,D
01/10/2021,Cagliari,Venezia,1,1,D
02/10/2021,Salernitana,Genoa,1,0,H
02/10/2021,Torino,Juventus,0,1,A
02/10/2021,Sassuolo,Inter,1,2,A
03/10/2021,Bologna,Lazio,3,0,H
03/10/2021,Sampdoria,Udinese,3,3,D
03/10/2021,Verona,Spezia,4,0,H
03/10/2021,Fiorentina,Napoli,1,2,A
03/10/2021,Roma,Empoli,2,0,H
03/10/2021,Atalanta,Milan,2,3,A
16/10/2021,Spezia,Salernitana,2,1,H
16/10/2021,Lazio,Inter,3,1,H
16/10/2021,Milan,Verona,3,2,H
17/10/2021,Cagliari,Sampdoria,3,1,H
17/10/2021,Empoli,Atalanta,1,4,A
17/10/2021,Genoa,Sassuolo,2,2,D
17/10/2021,Udinese,Bologna,1,1,D
17/10/2021,Napoli,Torino,1,0,H
17/10/2021,Juventus,Roma,1,0,H
18/10/2021,Venezia,Fiorentina,1,0,H
22/10/2021,Torino,Genoa,3,2,H
22/10/2021,Sampdoria,Spezia,2,1,H
23/10/2021,Salernitana,Empoli,2,4,A
23/10/2021,Sassuolo,Venezia,3,1,H
23/10/2021,Bologna,Milan,2,4,A
24/10/2021,Atalanta,Udinese,1,1,D
24/10/2021,Fiorentina,Cagliari,3,0,H
24/10/2021,Verona,Lazio,4,1,H
24/10/2021,Roma,Napoli,0,0,D
24/10/2021,Inter,Juventus,1,1,D
26/10/2021,Spezia,Genoa,1,1,D
26/10/2021,Venezia,Salernitana,1,2,A
26/10/2021,Milan,Torino,1,0,H
27/10/2021,Juventus,Sassuolo,1,2,A
27/10/2021,Sampdoria,Atalanta,1,3,A
27/10/2021,Udinese,Verona,1,1,D
27/10/2021,Cagliari,Roma,1,2,A
27/10/2021,Empoli,Inter,0,2,A
27/10/2021,Lazio,Fiorentina,1,0,H
28/10/2021,Napoli,Bologna,3,0,H
30/10/2021,Atalanta,Lazio,2,2,D
30/10/2021,Verona,Juventus,2,1,H
30/10/2021,Torino,Sampdoria,3,0,H
31/10/2021,Inter,Udinese,2,0,H
31/10/2021,Fiorentina,Spezia,3,0,H
31/10/2021,Genoa,Venezia,0,0,D
31/10/2021,Sassuolo,Empoli,1,2,A
31/10/2021,Salernitana,Napoli,0,1,A
31/10/2021,Roma,Milan,1,2,A
01/11/2021,Bologna,Cagliari,2,0,H
05/11/2021,Empoli,Genoa,2,2,D
06/11/2021,Spezia,Torino,1,0,H
06/11/2021,Juventus,Fiorentina,1,0,H
06/11/2021,Cagliari,Atalanta,1,2,A
07/11/2021,Venezia,Roma,3,2,H
07/11/2021,Sampdoria,Bologna,1,2,A
07/11/2021,Udinese,Sassuolo,3,2,H
07/11/2021,Lazio,Salernitana,3,0,H
07/11/2021,Napoli,Verona,1,1,D
07/11/2021,Milan,Inter,1,1,D
20/11/2021,Atalanta,Spezia,5,2,H
20/11/2021,Lazio,Juventus,0,2,A
20/11/2021,Fiorentina,Milan,4,3,H
21/11/2021,Sassuolo,Cagliari,2,2,D
21/11/2021,Bologna,Venezia,0,1,A
21/11/2021,Salernitana,Sampdoria,0,2,A
21/11/2021,Inter,Napoli,3,2,H
21/11/2021,Genoa,Roma,0,2,A
22/11/2021,Verona,Empoli,2,1,H
22/11/2021,Torino,Udinese,2,1,H
26/11/2021,Cagliari,Salernitana,1,1,D
27/11/2021,Empoli,Fiorentina,2,1,H
27/11/2021,Sampdoria,Verona,3,1,H
27/11/2021,Juventus,Atalanta,0,1,A
27/11/2021,Venezia,Inter,0,2,A
28/11/2021,Udinese,Genoa,0,0,D
28/11/2021,Milan,Sassuolo,1,3,A
28/11/2021,Spezia,Bologna,0,1,A
28/11/2021,Roma,Torino,1,0,H
28/11/2021,Napoli,Lazio,4,0,H
30/11/2021,Atalanta,Venezia,4,0,H
30/11/2021,Fiorentina,Sampdoria,3,1,H
30/11/2021,Salernitana,Juventus,0,2,A
30/11/2021,Verona,Cagliari,0,0,D
01/12/2021,Bologna,Roma,1,0,H
01/12/2021,Inter,Spezia,2,0,H
01/12/2021,Genoa,Milan,0,3,A
01/12/2021,Sassuolo,Napoli,2,2,D
02/12/2021,Torino,Empoli,2,2,D
02/12/2021,Lazio,Udinese,4,4,D
04/12/2021,Milan,Salernitana,2,0,H
04/12/2021,Roma,Inter,0,3,A
04/12/2021,Napoli,Atalanta,2,3,A
05/12/2021,Bologna,Fiorentina,2,3,A
05/12/2021,Spezia,Sassuolo,2,2,D
05/12/2021,Venezia,Verona,3,4,A
05/12/2021,Sampdoria,Lazio,1,3,A
05/12/2021,Juventus,Genoa,2,0,H
06/12/2021,Empoli,Udinese,3,1,H
06/12/2021,Cagliari,Torino,1,1,D
10/12/2021,Genoa,Sampdoria,1,3,A
11/12/2021,Fiorentina,Salernitana,4,0,H
11/12/2021,Venezia,Juventus,1,1,D
11/12/2021,Udinese,Milan,1,1,D
12/12/2021,Torino,Bologna,2,1,H
12/12/2021,Verona,Atalanta,1,2,A
12/12/2021,Napoli,Empoli,0,1,A
12/12/2021,Sassuolo,Lazio,2,1,H
12/12/2021,Inter,Cagliari,4,0,H
13/12/2021,Roma,Spezia,2,0,H
17/12/2021,Lazio,Genoa,3,1,H
17/12/2021,Salernitana,Inter,0,5,A
18/12/2021,Atalanta,Roma,1,4,A
18/12/2021,Bologna,Juventus,0,2,A
18/12/2021,Cagliari,Udinese,0,4,A
19/12/2021,Fiorentina,Sassuolo,2,2,D
19/12/2021,Spezia,Empoli,1,1,D
19/12/2021,Sampdoria,Venezia,1,1,D
19/12/2021,Torino,Verona,1,0,H
19/12/2021,Milan,Napoli,0,1,A
21/12/2021,Genoa,Atalanta,0,0,D
21/12/2021,Juventus,Cagliari,2,0,H
22/12/2021,Sassuolo,Bologna,0,3,A
22/12/2021,Venezia,Lazio,1,3,A
22/12/2021,Inter,Torino,1,0,H
22/12/2021,Roma,Sampdoria,1,1,D
22/12/2021,Verona,Fiorentina,1,1,D
22/12/2021,Empoli,Milan,2,4,A
22/12/2021,Napoli,Spezia,0,1,A
06/01/2022,Sampdoria,Cagliari,1,2,A
06/01/2022,Lazio,Empoli,3,3,D
06/01/2022,Spezia,Verona,1,2,A
06/01/2022,Sassuolo,Genoa,1,1,D
06/01/2022,Milan,Roma,3,1,H
06/01/2022,Juventus,Napoli,1,1,D
09/01/2022,Empoli,Sassuolo,1,5,A
09/01/2022,Venezia,Milan,0,3,A
09/01/2022,Napoli,Sampdoria,1,0,H
09/01/2022,Udinese,Atalanta,2,6,A
09/01/2022,Genoa,Spezia,0,1,A
09/01/2022,Roma,Juventus,3,4,A
09/01/2022,Inter,Lazio,2,1,H
09/01/2022,Verona,Salernitana,1,2,A
10/01/2022,Torino,Fiorentina,4,0,H
11/01/2022,Cagliari,Bologna,2,1,H
15/01/2022,Sampdoria,Torino,1,2,A
15/01/2022,Salernitana,Lazio,0,3,A
15/01/2022,Juventus,Udinese,2,0,H
16/01/2022,Sassuolo,Verona,2,4,A
16/01/2022,Venezia,Empoli,1,1,D
16/01/2022,Roma,Cagliari,1,0,H
16/01/2022,Atalanta,Inter,0,0,D
17/01/2022,Bologna,Napoli,0,2,A
17/01/2022,Milan,Spezia,1,2,A
17/01/2022,Fiorentina,Genoa,6,0,H
21/01/2022,Verona,Bologna,2,1,H
22/01/2022,Genoa,Udinese,0,0,D
22/01/2022,Inter,Venezia,2,1,H
22/01/2022,Lazio,Atalanta,0,0,D
23/01/2022,Cagliari,Fiorentina,1,1,D
23/01/2022,Napoli,Salernitana,4,1,H
23/01/2022,Spezia,Sampdoria,1,0,H
23/01/2022,Torino,Sassuolo,1,1,D
23/01/2022,Empoli,Roma,2,4,A
23/01/2022,Milan,Juventus,0,0,D
05/02/2022,Roma,Genoa,0,0,D
05/02/2022,Inter,Milan,1,2,A
05/02/2022,Fiorentina,Lazio,0,3,A
06/02/2022,Atalanta,Cagliari,1,2,A
06/02/2022,Bologna,Empoli,0,0,D
06/02/2022,Sampdoria,Sassuolo,4,0,H
06/02/2022,Venezia,Napoli,0,2,A
06/02/2022,Udinese,Torino,2,0,H
06/02/2022,Juventus,Verona,2,0,H
07/02/2022,Salernitana,Spezia,2,2,D
12/02/2022,Lazio,Bologna,3,0,H
12/02/2022,Napoli,Inter,1,1,D
12/02/2022,Torino,Venezia,1,2,A
13/02/2022,Milan,Sampdoria,1,0,H
13/02/2022,Empoli,Cagliari,1,1,D
13/02/2022,Genoa,Salernitana,1,1,D
13/02/2022,Verona,Udinese,4,0,H
13/02/2022,Sassuolo,Roma,2,2,D
13/02/2022,Atalanta,Juventus,1,1,D
14/02/2022,Spezia,Fiorentina,1,2,A
18/02/2022,Juventus,Torino,1,1,D
19/02/2022,Sampdoria,Empoli,2,0,H
19/02/2022,Roma,Verona,2,2,D
19/02/2022,Salernitana,Milan,2,2,D
20/02/2022,Fiorentina,Atalanta,1,0,H
20/02/2022,Venezia,Genoa,1,1,D
20/02/2022,Inter,Sassuolo,0,2,A
20/02/2022,Udinese,Lazio,1,1,D
21/02/2022,Cagliari,Napoli,1,1,D
21/02/2022,Bologna,Spezia,2,1,H
25/02/2022,Milan,Udinese,1,1,D
25/02/2022,Genoa,Inter,0,0,D
26/02/2022,Salernitana,Bologna,1,1,D
26/02/2022,Empoli,Juventus,2,3,A
26/02/2022,Sassuolo,Fiorentina,2,1,H
27/02/2022,Torino,Cagliari,1,2,A
27/02/2022,Verona,Venezia,3,1,H
27/02/2022,Spezia,Roma,0,1,A
27/02/2022,Lazio,Napoli,1,2,A
28/02/2022,Atalanta,Sampdoria,4,0,H
04/03/2022,Inter,Salernitana,5,0,H
05/03/2022,Udinese,Sampdoria,2,1,H
05/03/2022,Roma,Atalanta,1,0,H
05/03/2022,Cagliari,Lazio,0,3,A
06/03/2022,Genoa,Empoli,0,0,D
06/03/2022,Bologna,Torino,0,0,D
06/03/2022,Fiorentina,Verona,1,1,D
06/03/2022,Venezia,Sassuolo,1,4,A
06/03/2022,Juventus,Spezia,1,0,H
06/03/2022,Napoli,Milan,0,1,A
12/03/2022,Salernitana,Sassuolo,2,2,D
12/03/2022,Spezia,Cagliari,2,0,H
12/03/2022,Sampdoria,Juventus,1,3,A
12/03/2022,Milan,Empoli,1,0,H
13/03/2022,Fiorentina,Bologna,1,0,H
13/03/2022,Verona,Napoli,1,2,A
13/03/2022,Atalanta,Genoa,0,0,D
13/03/2022,Udinese,Roma,1,1,D
13/03/2022,Torino,Inter,1,1,D
14/03/2022,Lazio,Venezia,1,0,H
18/03/2022,Sassuolo,Spezia,4,1,H
18/03/2022,Genoa,Torino,1,0,H
19/03/2022,Napoli,Udinese,2,1,H
19/03/2022,Inter,Fiorentina,1,1,D
19/03/2022,Cagliari,Milan,0,1,A
20/03/2022,Venezia,Sampdoria,0,2,A
20/03/2022,Empoli,Verona,1,1,D
20/03/2022,Juventus,Salernitana,2,0,H
20/03/2022,Roma,Lazio,3,0,H
20/03/2022,Bologna,Atalanta,0,1,A
02/04/2022,Spezia,Venezia,1,0,H
02/04/2022,Lazio,Sassuolo,2,1,H
02/04/2022,Salernitana,Torino,0,1,A
03/04/2022,Fiorentina,Empoli,1,0,H
03/04/2022,Atalanta,Napoli,1,3,A
03/04/2022,Udinese,Cagliari,5,1,H
03/04/2022,Sampdoria,Roma,0,1,A
03/04/2022,Juventus,Inter,0,1,A
04/04/2022,Verona,Genoa,1,0,H
04/04/2022,Milan,Bologna,0,0,D
09/04/2022,Empoli,Spezia,0,0,D
09/04/2022,Inter,Verona,2,0,H
09/04/2022,Cagliari,Juventus,1,2,A
10/04/2022,Genoa,Lazio,1,4,A
10/04/2022,Napoli,Fiorentina,2,3,A
10/04/2022,Sassuolo,Atalanta,2,1,H
10/04/2022,Venezia,Udinese,1,2,A
10/04/2022,Roma,Salernitana,2,1,H
10/04/2022,Torino,Milan,0,0,D
11/04/2022,Bologna,Sampdoria,2,0,H
15/04/2022,Spezia,Inter,1,3,A
15/04/2022,Milan,Genoa,2,0,H
16/04/2022,Cagliari,Sassuolo,1,0,H
16/04/2022,Sampdoria,Salernitana,1,2,A
16/04/2022,Udinese,Empoli,4,1,H
16/04/2022,Fiorentina,Venezia,1,0,H
16/04/2022,Juventus,Bologna,1,1,D
16/04/2022,Lazio,Torino,1,1,D
18/04/2022,Napoli,Roma,1,1,D
18/04/2022,Atalanta,Verona,1,2,A
20/04/2022,Udinese,Salernitana,0,1,A
23/04/2022,Torino,Spezia,2,1,H
23/04/2022,Venezia,Atalanta,1,3,A
23/04/2022,Inter,Roma,3,1,H
23/04/2022,Verona,Sampdoria,1,1,D
24/04/2022,Salernitana,Fiorentina,2,1,H
24/04/2022,Bologna,Udinese,2,2,D
24/04/2022,Empoli,Napoli,3,2,H
24/04/2022,Genoa,Cagliari,1,0,H
24/04/2022,Lazio,Milan,1,2,A
25/04/2022,Sassuolo,Juventus,1,2,A
27/04/2022,Fiorentina,Udinese,0,4,A
27/04/2022,Atalanta,Torino,4,4,D
27/04/2022,Bologna,Inter,2,1,H
30/04/2022,Cagliari,Verona,1,2,A
30/04/2022,Napoli,Sassuolo,6,1,H
30/04/2022,Sampdoria,Genoa,1,0,H
30/04/2022,Spezia,Lazio,3,4,A
01/05/2022,Juventus,Venezia,2,1,H
01/05/2022,Empoli,Torino,1,3,A
01/05/2022,Milan,Fiorentina,1,0,H
01/05/2022,Udinese,Inter,1,2,A
01/05/2022,Roma,Bologna,0,0,D
02/05/2022,Atalanta,Salernitana,1,1,D
05/05/2022,Salernitana,Venezia,2,1,H
06/05/2022,Inter,Empoli,4,2,H
06/05/2022,Genoa,Juventus,2,1,H
07/05/2022,Torino,Napoli,0,1,A
07/05/2022,Sassuolo,Udinese,1,1,D
07/05/2022,Lazio,Sampdoria,2,0,H
08/05/2022,Spezia,Atalanta,1,3,A
08/05/2022,Venezia,Bologna,4,3,H
08/05/2022,Salernitana,Cagliari,1,1,D
08/05/2022,Verona,Milan,1,3,A
09/05/2022,Fiorentina,Roma,2,0,H
14/05/2022,Empoli,Salernitana,1,1,D
14/05/2022,Udinese,Spezia,2,3,A
14/05/2022,Verona,Torino,0,1,A
14/05/2022,Roma,Venezia,1,1,D
15/05/2022,Bologna,Sassuolo,1,3,A
15/05/2022,Napoli,Genoa,3,0,H
15/05/2022,Milan,Atalanta,2,0,H
15/05/2022,Cagliari,Inter,1,3,A
16/05/2022,Sampdoria,Fiorentina,4,1,H
16/05/2022,Juventus,Lazio,2,2,D
20/05/2022,Torino,Roma,0,3,A
21/05/2022,Genoa,Bologna,0,1,A
21/05/2022,Atalanta,Empoli,0,1,A
21/05/2022,Fiorentina,Juventus,2,0,H
21/05/2022,Lazio,Verona,3,3,D
22/05/2022,Spezia,Napoli,0,3,A
22/05/2022,Inter,Sampdoria,3,0,H
22/05/2022,Sassuolo,Milan,0,3,A
22/05/2022,Salernitana,Udinese,0,4,A
22/05/2022,Venezia,Cagliari,0,0,D
13/08/2022,Milan,Udinese,4,2,H
13/08/2022,Sampdoria,Atalanta,0,2,A
13/08/2022,Lecce,Inter,1,2,A
13/08/2022,Monza,Torino,1,2,A
14/08/2022,Fiorentina,Cremonese,3,2,H
14/08/2022,Lazio,Bologna,2,1,H
14/08/2022,Salernitana,Roma,0,1,A
14/08/2022,Spezia,Empoli,1,0,H
15/08/2022,Verona,Napoli,2,5,A
15/08/2022,Juventus,Sassuolo,3,0,H
20/08/2022,Torino,Lazio,0,0,D
20/08/2022,Udinese,Salernitana,0,0,D
20/08/2022,Inter,Spezia,3,0,H
20/08/2022,Sassuolo,Lecce,1,0,H
21/08/2022,Empoli,Fiorentina,0,0,D
21/08/2022,Napoli,Monza,4,0,H
21/08/2022,Atalanta,Milan,1,1,D
21/08/2022,Bologna,Verona,1,1,D
22/08/2022,Roma,Cremonese,1,0,H
22/08/2022,Sampdoria,Juventus,0,0,D
26/08/2022,Monza,Udinese,1,2,A
26/08/2022,Lazio,Inter,3,1,H
27/08/2022,Cremonese,Torino,1,2,A
27/08/2022,Juventus,Roma,1,1,D
27/08/2022,Milan,Bologna,2,0,H
27/08/2022,Spezia,Sassuolo,2,2,D
28/08/2022,Salernitana,Sampdoria,4,0,H
28/08/2022,Verona,Atalanta,0,1,A
28/08/2022,Fiorentina,Napoli,0,0,D
28/08/2022,Lecce,Empoli,1,1,D
30/08/2022,Sassuolo,Milan,0,0,D
30/08/2022,Inter,Cremonese,3,1,H
30/08/2022,Roma,Monza,3,0,H
31/08/2022,Empoli,Verona,1,1,D
31/08/2022,Sampdoria,Lazio,1,1,D
31/08/2022,Udinese,Fiorentina,1,0,H
31/08/2022,Juventus,Spezia,2,0,H
31/08/2022,Napoli,Lecce,1,1,D
01/09/2022,Atalanta,Torino,3,1,H
01/09/2022,Bologna,Salernitana,1,1,D
03/09/2022,Fiorentina,Juventus,1,1,D
03/09/2022,Milan,Inter,3,2,H
03/09/2022,Lazio,Napoli,1,2,A
04/09/2022,Cremonese,Sassuolo,0,0,D
04/09/2022,Spezia,Bologna,2,2,D
04/09/2022,Verona,Sampdoria,2,1,H
04/09/2022,Udinese,Roma,4,0,H
05/09/2022,Monza,Atalanta,0,2,A
05/09/2022,Salernitana,Empoli,2,2,D
05/09/2022,Torino,Lecce,1,0,H
10/09/2022,Napoli,Spezia,1,0,H
10/09/2022,Inter,Torino,1,0,H
10/09/2022,Sampdoria,Milan,1,2,A
11/09/2022,Atalanta,Cremonese,1,1,D
11/09/2022,Bologna,Fiorentina,2,1,H
11/09/2022,Lecce,Monza,1,1,D
11/09/2022,Sassuolo,Udinese,1,3,A
11/09/2022,Lazio,Verona,2,0,H
11/09/2022,Juventus,Salernitana,2,2,D
12/09/2022,Empoli,Roma,1,2,A
16/09/2022,Salernitana,Lecce,1,2,A
17/09/2022,Bologna,Empoli,0,1,A
17/09/2022,Spezia,Sampdoria,2,1,H
17/09/2022,Torino,Sassuolo,0,1,A
18/09/2022,Udinese,Inter,3,1,H
18/09/2022,Cremonese,Lazio,0,4,A
18/09/2022,Fiorentina,Verona,2,0,H
18/09/2022,Monza,Juventus,1,0,H
18/09/2022,Roma,Atalanta,0,1,A
18/09/2022,Milan,Napoli,1,2,A
01/10/2022,Napoli,Torino,3,1,H
01/10/2022,Inter,Roma,1,2,A
01/10/2022,Empoli,Milan,1,3,A
02/10/2022,Lazio,Spezia,4,0,H
02/10/2022,Lecce,Cremonese,1,1,D
02/10/2022,Sampdoria,Monza,0,3,A
02/10/2022,Sassuolo,Salernitana,5,0,H
02/10/2022,Atalanta,Fiorentina,1,0,H
02/10/2022,Juventus,Bologna,3,0,H
03/10/2022,Verona,Udinese,1,2,A
08/10/2022,Sassuolo,Inter,1,2,A
08/10/2022,Milan,Juventus,2,0,H
08/10/2022,Bologna,Sampdoria,1,1,D
09/10/2022,Torino,Empoli,1,1,D
09/10/2022,Monza,Spezia,2,0,H
09/10/2022,Salernitana,Verona,2,1,H
09/10/2022,Udinese,Atalanta,2,2,D
09/10/2022,Cremonese,Napoli,1,4,A
09/10/2022,Roma,Lecce,2,1,H
10/10/2022,Fiorentina,Lazio,0,4,A
15/10/2022,Empoli,Monza,1,0,H
15/10/2022,Torino,Juventus,0,1,A
15/10/2022,Atalanta,Sassuolo,2,1,H
16/10/2022,Inter,Salernitana,2,0,H
16/10/2022,Lazio,Udinese,0,0,D
16/10/2022,Spezia,Cremonese,2,2,D
16/10/2022,Napoli,Bologna,3,2,H
16/10/2022,Verona,Milan,1,2,A
17/10/2022,Sampdoria,Roma,0,1,A
17/10/2022,Lecce,Fiorentina,1,1,D
21/10/2022,Juventus,Empoli,4,0,H
22/10/2022,Salernitana,Spezia,1,0,H
22/10/2022,Milan,Monza,4,1,H
22/10/2022,Fiorentina,Inter,3,4,A
23/10/2022,Udinese,Torino,1,2,A
23/10/2022,Bologna,Lecce,2,0,H
23/10/2022,Atalanta,Lazio,0,2,A
23/10/2022,Roma,Napoli,0,1,A
24/10/2022,Cremonese,Sampdoria,0,1,A
24/10/2022,Sassuolo,Verona,2,1,H
29/10/2022,Napoli,Sassuolo,4,0,H
29/10/2022,Lecce,Juventus,0,1,A
29/10/2022,Inter,Sampdoria,3,0,H
30/10/2022,Empoli,Atalanta,0,2,A
30/10/2022,Cremonese,Udinese,0,0,D
30/10/2022,Spezia,Fiorentina,1,2,A
30/10/2022,Lazio,Salernitana,1,3,A
30/10/2022,Torino,Milan,2,1,H
31/10/2022,Verona,Roma,1,3,A
31/10/2022,Monza,Bologna,1,2,A
04/11/2022,Udinese,Lecce,1,1,D
05/11/2022,Empoli,Sassuolo,1,0,H
05/11/2022,Salernitana,Cremonese,2,2,D
05/11/2022,Atalanta,Napoli,1,2,A
05/11/2022,Milan,Spezia,2,1,H
06/11/2022,Bologna,Torino,2,1,H
06/11/2022,Monza,Verona,2,0,H
06/11/2022,Sampdoria,Fiorentina,0,2,A
06/11/2022,Roma,Lazio,0,1,A
06/11/2022,Juventus,Inter,2,0,H
08/11/2022,Napoli,Empoli,2,0,H
08/11/2022,Spezia,Udinese,1,1,D
08/11/2022,Cremonese,Milan,0,0,D
09/11/2022,Lecce,Atalanta,2,1,H
09/11/2022,Sassuolo,Roma,1,1,D
09/11/2022,Fiorentina,Salernitana,2,1,H
09/11/2022,Inter,Bologna,6,1,H
09/11/2022,Torino,Sampdoria,2,0,H
10/11/2022,Verona,Juventus,0,1,A
10/11/2022,Lazio,Monza,1,0,H
11/11/2022,Empoli,Cremonese,2,0,H
12/11/2022,Napoli,Udinese,3,2,H
12/11/2022,Sampdoria,Lecce,0,2,A
12/11/2022,Bologna,Sassuolo,3,0,H
13/11/2022,Atalanta,Inter,2,3,A
13/11/2022,Monza,Salernitana,3,0,H
13/11/2022,Roma,Torino,1,1,D
13/11/2022,Verona,Spezia,1,2,A
13/11/2022,Milan,Fiorentina,2,1,H
13/11/2022,Juventus,Lazio,3,0,H
04/01/2023,Salernitana,Milan,1,2,A
04/01/2023,Sassuolo,Sampdoria,1,2,A
04/01/2023,Spezia,Atalanta,2,2,D
04/01/2023,Torino,Verona,1,1,D
04/01/2023,Lecce,Lazio,2,1,H
04/01/2023,Roma,Bologna,1,0,H
04/01/2023,Cremonese,Juventus,0,1,A
04/01/2023,Fiorentina,Monza,1,1,D
04/01/2023,Inter,Napoli,1,0,H
04/01/2023,Udinese,Empoli,1,1,D
07/01/2023,Fiorentina,Sassuolo,2,1,H
07/01/2023,Juventus,Udinese,1,0,H
07/01/2023,Monza,Inter,2,2,D
08/01/2023,Salernitana,Torino,1,1,D
08/01/2023,Lazio,Empoli,2,2,D
08/01/2023,Spezia,Lecce,0,0,D
08/01/2023,Sampdoria,Napoli,0,2,A
08/01/2023,Milan,Roma,2,2,D
09/01/2023,Verona,Cremonese,2,0,H
09/01/2023,Bologna,Atalanta,1,2,A
13/01/2023,Napoli,Juventus,5,1,H
14/01/2023,Cremonese,Monza,2,3,A
14/01/2023,Lecce,Milan,2,2,D
14/01/2023,Inter,Verona,1,0,H
15/01/2023,Sassuolo,Lazio,0,2,A
15/01/2023,Torino,Spezia,0,1,A
15/01/2023,Udinese,Bologna,1,2,A
15/01/2023,Atalanta,Salernitana,8,2,H
15/01/2023,Roma,Fiorentina,2,0,H
16/01/2023,Empoli,Sampdoria,1,0,H
21/01/2023,Verona,Lecce,2,0,H
21/01/2023,Salernitana,Napoli,0,2,A
21/01/2023,Fiorentina,Torino,0,1,A
22/01/2023,Sampdoria,Udinese,0,1,A
22/01/2023,Monza,Sassuolo,1,1,D
22/01/2023,Spezia,Roma,0,2,A
22/01/2023,Juventus,Atalanta,3,3,D
23/01/2023,Bologna,Cremonese,1,1,D
23/01/2023,Inter,Empoli,0,1,A
24/01/2023,Lazio,Milan,4,0,H
27/01/2023,Bologna,Spezia,2,0,H
27/01/2023,Lecce,Salernitana,1,2,A
28/01/2023,Empoli,Torino,2,2,D
28/01/2023,Cremonese,Inter,1,2,A
28/01/2023,Atalanta,Sampdoria,2,0,H
29/01/2023,Milan,Sassuolo,2,5,A
29/01/2023,Juventus,Monza,0,2,A
29/01/2023,Lazio,Fiorentina,1,1,D
29/01/2023,Napoli,Roma,2,1,H
30/01/2023,Udinese,Verona,1,1,D
04/02/2023,Cremonese,Lecce,0,2,A
04/02/2023,Roma,Empoli,2,0,H
04/02/2023,Sassuolo,Atalanta,1,0,H
05/02/2023,Spezia,Napoli,0,3,A
05/02/2023,Torino,Udinese,1,0,H
05/02/2023,Fiorentina,Bologna,1,2,A
05/02/2023,Inter,Milan,1,0,H
06/02/2023,Verona,Lazio,1,1,D
06/02/2023,Monza,Sampdoria,2,2,D
07/02/2023,Salernitana,Juventus,0,3,A
10/02/2023,Milan,Torino,1,0,H
11/02/2023,Empoli,Spezia,2,2,D
11/02/2023,Lecce,Roma,1,1,D
11/02/2023,Lazio,Atalanta,0,2,A
12/02/2023,Udinese,Sassuolo,2,2,D
12/02/2023,Bologna,Monza,0,1,A
12/02/2023,Juventus,Fiorentina,1,0,H
12/02/2023,Napoli,Cremonese,3,0,H
13/02/2023,Verona,Salernitana,1,0,H
13/02/2023,Sampdoria,Inter,0,0,D
17/02/2023,Sassuolo,Napoli,0,2,A
18/02/2023,Sampdoria,Bologna,1,2,A
18/02/2023,Monza,Milan,0,1,A
18/02/2023,Inter,Udinese,3,1,H
19/02/2023,Atalanta,Lecce,1,2,A
19/02/2023,Fiorentina,Empoli,1,1,D
19/02/2023,Salernitana,Lazio,0,2,A
19/02/2023,Spezia,Juventus,0,2,A
19/02/2023,Roma,Verona,1,0,H
20/02/2023,Torino,Cremonese,2,2,D
25/02/2023,Empoli,Napoli,0,2,A
25/02/2023,Lecce,Sassuolo,0,1,A
26/02/2023,Bologna,Inter,1,0,H
26/02/2023,Salernitana,Monza,3,0,H
26/02/2023,Udinese,Spezia,2,2,D
26/02/2023,Milan,Atalanta,2,0,H
27/02/2023,Verona,Fiorentina,0,3,A
27/02/2023,Lazio,Sampdoria,1,0,H
28/02/2023,Cremonese,Roma,2,1,H
28/02/2023,Juventus,Torino,4,2,H
03/03/2023,Napoli,Lazio,0,1,A
04/03/2023,Monza,Empoli,2,1,H
04/03/2023,Atalanta,Udinese,0,0,D
04/03/2023,Fiorentina,Milan,2,1,H
05/03/2023,Spezia,Verona,0,0,D
05/03/2023,Sampdoria,Salernitana,0,0,D
05/03/2023,Inter,Lecce,2,0,H
05/03/2023,Roma,Juventus,1,0,H
06/03/2023,Sassuolo,Cremonese,3,2,H
06/03/2023,Torino,Bologna,1,0,H
10/03/2023,Spezia,Inter,2,1,H
11/03/2023,Empoli,Udinese,0,1,A
11/03/2023,Napoli,Atalanta,2,0,H
11/03/2023,Bologna,Lazio,0,0,D
12/03/2023,Lecce,Torino,0,2,A
12/03/2023,Cremonese,Fiorentina,0,2,A
12/03/2023,Verona,Monza,1,1,D
12/03/2023,Roma,Sassuolo,3,4,A
12/03/2023,Juventus,Sampdoria,4,2,H
13/03/2023,Milan,Salernitana,1,1,D
17/03/2023,Sassuolo,Spezia,1,0,H
17/03/2023,Atalanta,Empoli,2,1,H
18/03/2023,Monza,Cremonese,1,1,D
18/03/2023,Salernitana,Bologna,2,2,D
18/03/2023,Udinese,Milan,3,1,H
19/03/2023,Sampdoria,Verona,3,1,H
19/03/2023,Fiorentina,Lecce,1,0,H
19/03/2023,Torino,Napoli,0,4,A
19/03/2023,Lazio,Roma,1,0,H
19/03/2023,Inter,Juventus,0,1,A
01/04/2023,Cremonese,Atalanta,1,3,A
01/04/2023,Inter,Fiorentina,0,1,A
01/04/2023,Juventus,Verona,1,0,H
02/04/2023,Bologna,Udinese,3,0,H
02/04/2023,Monza,Lazio,0,2,A
02/04/2023,Spezia,Salernitana,1,1,D
02/04/2023,Roma,Sampdoria,3,0,H
02/04/2023,Napoli,Milan,0,4,A
03/04/2023,Empoli,Lecce,1,0,H
03/04/2023,Sassuolo,Torino,1,1,D
07/04/2023,Salernitana,Inter,1,1,D
07/04/2023,Lecce,Napoli,1,2,A
07/04/2023,Milan,Empoli,0,0,D
08/04/2023,Udinese,Monza,2,2,D
08/04/2023,Fiorentina,Spezia,1,1,D
08/04/2023,Atalanta,Bologna,0,2,A
08/04/2023,Sampdoria,Cremonese,2,3,A
08/04/2023,Torino,Roma,0,1,A
08/04/2023,Verona,Sassuolo,2,1,H
08/04/2023,Lazio,Juventus,2,1,H
14/04/2023,Cremonese,Empoli,1,0,H
14/04/2023,Spezia,Lazio,0,3,A
15/04/2023,Bologna,Milan,1,1,D
15/04/2023,Napoli,Verona,0,0,D
15/04/2023,Inter,Monza,0,1,A
16/04/2023,Lecce,Sampdoria,1,1,D
16/04/2023,Torino,Salernitana,1,1,D
16/04/2023,Sassuolo,Juventus,1,0,H
16/04/2023,Roma,Udinese,3,0,H
17/04/2023,Fiorentina,Atalanta,1,1,D
21/04/2023,Verona,Bologna,2,1,H
22/04/2023,Salernitana,Sassuolo,3,0,H
22/04/2023,Lazio,Torino,0,1,A
22/04/2023,Sampdoria,Spezia,1,1,D
23/04/2023,Empoli,Inter,0,3,A
23/04/2023,Monza,Fiorentina,3,2,H
23/04/2023,Udinese,Cremonese,3,0,H
23/04/2023,Milan,Lecce,2,0,H
23/04/2023,Juventus,Napoli,0,1,A
24/04/2023,Atalanta,Roma,3,1,H
28/04/2023,Lecce,Udinese,1,0,H
28/04/2023,Spezia,Monza,0,2,A
29/04/2023,Roma,Milan,1,1,D
29/04/2023,Torino,Atalanta,1,2,A
30/04/2023,Inter,Lazio,3,1,H
30/04/2023,Cremonese,Verona,1,1,D
30/04/2023,Napoli,Salernitana,1,1,D
30/04/2023,Sassuolo,Empoli,2,1,H
30/04/2023,Fiorentina,Sampdoria,5,0,H
30/04/2023,Bologna,Juventus,1,1,D
03/05/2023,Atalanta,Spezia,3,2,H
03/05/2023,Juventus,Lecce,2,1,H
03/05/2023,Salernitana,Fiorentina,3,3,D
03/05/2023,Sampdoria,Torino,0,2,A
03/05/2023,Lazio,Sassuolo,2,0,H
03/05/2023,Milan,Cremonese,1,1,D
03/05/2023,Monza,Roma,1,1,D
03/05/2023,Verona,Inter,0,6,A
04/05/2023,Empoli,Bologna,3,1,H
04/05/2023,Udinese,Napoli,1,1,D
06/05/2023,Milan,Lazio,2,0,H
06/05/2023,Roma,Inter,0,2,A
06/05/2023,Cremonese,Spezia,2,0,H
07/05/2023,Atalanta,Juventus,0,2,A
07/05/2023,Torino,Monza,1,1,D
07/05/2023,Napoli,Fiorentina,1,0,H
07/05/2023,Lecce,Verona,0,1,A
08/05/2023,Empoli,Salernitana,2,1,H
08/05/2023,Udinese,Sampdoria,2,0,H
08/05/2023,Sassuolo,Bologna,1,1,D
12/05/2023,Lazio,Lecce,2,2,D
13/05/2023,Salernitana,Atalanta,1,0,H
13/05/2023,Spezia,Milan,2,0,H
13/05/2023,Inter,Sassuolo,4,2,H
14/05/2023,Verona,Torino,0,1,A
14/05/2023,Fiorentina,Udinese,2,0,H
14/05/2023,Monza,Napoli,2,0,H
14/05/2023,Bologna,Roma,0,0,D
14/05/2023,Juventus,Cremonese,2,0,H
15/05/2023,Sampdoria,Empoli,1,1,D
19/05/2023,Sassuolo,Monza,1,2,A
20/05/2023,Cremonese,Bologna,1,5,A
20/05/2023,Atalanta,Verona,3,1,H
20/05/2023,Milan,Sampdoria,5,1,H
21/05/2023,Lecce,Spezia,0,0,D
21/05/2023,Torino,Fiorentina,1,1,D
21/05/2023,Napoli,Inter,3,1,H
21/05/2023,Udinese,Lazio,0,1,A
22/05/2023,Roma,Salernitana,2,2,D
22/05/2023,Empoli,Juventus,4,1,H
26/05/2023,Sampdoria,Sassuolo,2,2,D
27/05/2023,Salernitana,Udinese,3,2,H
27/05/2023,Spezia,Torino,0,4,A
27/05/2023,Fiorentina,Roma,2,1,H
27/05/2023,Inter,Atalanta,3,2,H
28/05/2023,Verona,Empoli,1,1,D
28/05/2023,Bologna,Napoli,2,2,D
28/05/2023,Monza,Lecce,0,1,A
28/05/2023,Lazio,Cremonese,3,2,H
28/05/2023,Juventus,Milan,0,1,A
02/06/2023,Sassuolo,Fiorentina,1,3,A
03/06/2023,Torino,Inter,0,1,A
03/06/2023,Cremonese,Salernitana,2,0,H
03/06/2023,Empoli,Lazio,0,2,A
04/06/2023,Napoli,Sampdoria,2,0,H
04/06/2023,Atalanta,Monza,5,2,H
04/06/2023,Lecce,Bologna,2,3,A
04/06/2023,Milan,Verona,3,1,H
04/06/2023,Roma,Spezia,2,1,H
04/06/2023,Udinese,Juventus,0,1,A
19/08/2023,Empoli,Verona,0,1,A
19/08/2023,Frosinone,Napoli,1,3,A
19/08/2023,Genoa,Fiorentina,1,4,A
19/08/2023,Inter,Monza,2,0,H
20/08/2023,Roma,Salernitana,2,2,D
20/08/2023,Sassuolo,Atalanta,0,2,A
20/08/2023,Lecce,Lazio,2,1,H
20/08/2023,Udinese,Juventus,0,3,A
21/08/2023,Torino,Cagliari,0,0,D
21/08/2023,Bologna,Milan,0,2,A
26/08/2023,Frosinone,Atalanta,2,1,H
26/08/2023,Monza,Empoli,2,0,H
26/08/2023,Milan,Torino,4,1,H
26/08/2023,Verona,Roma,2,1,H
27/08/2023,Fiorentina,Lecce,2,2,D
27/08/2023,Juventus,Bologna,1,1,D
27/08/2023,Lazio,Genoa,0,1,A
27/08/2023,Napoli,Sassuolo,2,0,H
28/08/2023,Salernitana,Udinese,1,1,D
28/08/2023,Cagliari,Inter,0,2,A
01/09/2023,Sassuolo,Verona,3,1,H
01/09/2023,Roma,Milan,1,2,A
02/09/2023,Bologna,Cagliari,2,1,H
02/09/2023,Udinese,Frosinone,0,0,D
02/09/2023,Atalanta,Monza,3,0,H
02/09/2023,Napoli,Lazio,1,2,A
03/09/2023,Inter,Fiorentina,4,0,H
03/09/2023,Torino,Genoa,1,0,H
03/09/2023,Empoli,Juventus,0,2,A
03/09/2023,Lecce,Salernitana,2,0,H
16/09/2023,Juventus,Lazio,3,1,H
16/09/2023,Inter,Milan,5,1,H
16/09/2023,Genoa,Napoli,2,2,D
17/09/2023,Cagliari,Udinese,0,0,D
17/09/2023,Frosinone,Sassuolo,4,2,H
17/09/2023,Monza,Lecce,1,1,D
17/09/2023,Fiorentina,Atalanta,3,2,H
17/09/2023,Roma,Empoli,7,0,H
18/09/2023,Salernitana,Torino,0,3,A
18/09/2023,Verona,Bologna,0,0,D
22/09/2023,Salernitana,Frosinone,1,1,D
22/09/2023,Lecce,Genoa,1,0,H
23/09/2023,Milan,Verona,1,0,H
23/09/2023,Sassuolo,Juventus,4,2,H
23/09/2023,Lazio,Monza,1,1,D
24/09/2023,Empoli,Inter,0,1,A
24/09/2023,Atalanta,Cagliari,2,0,H
24/09/2023,Udinese,Fiorentina,0,2,A
24/09/2023,Bologna,Napoli,0,0,D
24/09/2023,Torino,Roma,1,1,D
26/09/2023,Juventus,Lecce,1,0,H
27/09/2023,Cagliari,Milan,1,3,A
27/09/2023,Empoli,Salernitana,1,0,H
27/09/2023,Verona,Atalanta,0,1,A
27/09/2023,Inter,Sassuolo,1,2,A
27/09/2023,Lazio,Torino,2,0,H
27/09/2023,Napoli,Udinese,4,1,H
28/09/2023,Frosinone,Fiorentina,1,1,D
28/09/2023,Monza,Bologna,0,0,D
28/09/2023,Genoa,Roma,4,1,H
30/09/2023,Lecce,Napoli,0,4,A
30/09/2023,Milan,Lazio,2,0,H
30/09/2023,Salernitana,Inter,0,4,A
01/10/2023,Bologna,Empoli,3,0,H
01/10/2023,Udinese,Genoa,2,2,D
01/10/2023,Atalanta,Juventus,0,0,D
01/10/2023,Roma,Frosinone,2,0,H
02/10/2023,Sassuolo,Monza,0,1,A
02/10/2023,Torino,Verona,0,0,D
02/10/2023,Fiorentina,Cagliari,3,0,H
06/10/2023,Empoli,Udinese,0,0,D
06/10/2023,Lecce,Sassuolo,1,1,D
07/10/2023,Inter,Bologna,2,2,D
07/10/2023,Juventus,Torino,2,0,H
07/10/2023,Genoa,Milan,0,1,A
08/10/2023,Monza,Salernitana,3,0,H
08/10/2023,Frosinone,Verona,2,1,H
08/10/2023,Lazio,Atalanta,3,2,H
08/10/2023,Cagliari,Roma,1,4,A
08/10/2023,Napoli,Fiorentina,1,3,A
21/10/2023,Verona,Napoli,1,3,A
21/10/2023,Torino,Inter,0,3,A
21/10/2023,Sassuolo,Lazio,0,2,A
22/10/2023,Roma,Monza,1,0,H
22/10/2023,Bologna,Frosinone,2,1,H
22/10/2023,Salernitana,Cagliari,2,2,D
22/10/2023,Atalanta,Genoa,2,0,H
22/10/2023,Milan,Juventus,0,1,A
23/10/2023,Udinese,Lecce,1,1,D
23/10/2023,Fiorentina,Empoli,0,2,A
27/10/2023,Genoa,Salernitana,1,0,H
28/10/2023,Sassuolo,Bologna,1,1,D
28/10/2023,Lecce,Torino,0,1,A
28/10/2023,Juventus,Verona,1,0,H
29/10/2023,Cagliari,Frosinone,4,3,H
29/10/2023,Monza,Udinese,1,1,D
29/10/2023,Inter,Roma,1,0,H
29/10/2023,Napoli,Milan,2,2,D
30/10/2023,Empoli,Atalanta,0,3,A
30/10/2023,Lazio,Fiorentina,1,0,H
03/11/2023,Bologna,Lazio,1,0,H
04/11/2023,Salernitana,Napoli,0,2,A
04/11/2023,Atalanta,Inter,1,2,A
04/11/2023,Milan,Udinese,0,1,A
05/11/2023,Verona,Monza,1,3,A
05/11/2023,Cagliari,Genoa,2,1,H
05/11/2023,Roma,Lecce,2,1,H
05/11/2023,Fiorentina,Juventus,0,1,A
06/11/2023,Frosinone,Empoli,2,1,H
06/11/2023,Torino,Sassuolo,2,1,H
10/11/2023,Sassuolo,Salernitana,2,2,D
10/11/2023,Genoa,Verona,1,0,H
11/11/2023,Lecce,Milan,2,2,D
11/11/2023,Juventus,Cagliari,2,1,H
11/11/2023,Monza,Torino,1,1,D
12/11/2023,Napoli,Empoli,0,1,A
12/11/2023,Fiorentina,Bologna,2,1,H
12/11/2023,Udinese,Atalanta,1,1,D
12/11/2023,Lazio,Roma,0,0,D
12/11/2023,Inter,Frosinone,2,0,H
25/11/2023,Salernitana,Lazio,2,1,H
25/11/2023,Atalanta,Napoli,1,2,A
25/11/2023,Milan,Fiorentina,1,0,H
26/11/2023,Cagliari,Monza,1,1,D
26/11/2023,Empoli,Sassuolo,3,4,A
26/11/2023,Frosinone,Genoa,2,1,H
26/11/2023,Roma,Udinese,3,1,H
26/11/2023,Juventus,Inter,1,1,D
27/11/2023,Verona,Lecce,2,2,D
27/11/2023,Bologna,Torino,2,0,H
01/12/2023,Monza,Juventus,1,2,A
02/12/2023,Genoa,Empoli,1,1,D
02/12/2023,Lazio,Cagliari,1,0,H
02/12/2023,Milan,Frosinone,3,1,H
03/12/2023,Lecce,Bologna,1,1,D
03/12/2023,Fiorentina,Salernitana,3,0,H
03/12/2023,Udinese,Verona,3,3,D
03/12/2023,Sassuolo,Roma,1,2,A
03/12/2023,Napoli,Inter,0,3,A
04/12/2023,Torino,Atalanta,3,0,H
08/12/2023,Juventus,Napoli,1,0,H
09/12/2023,Verona,Lazio,1,1,D
09/12/2023,Atalanta,Milan,3,2,H
09/12/2023,Inter,Udinese,4,0,H
10/12/2023,Frosinone,Torino,0,0,D
10/12/2023,Monza,Genoa,1,0,H
10/12/2023,Salernitana,Bologna,1,2,A
10/12/2023,Roma,Fiorentina,1,1,D
11/12/2023,Empoli,Lecce,1,1,D
11/12/2023,Cagliari,Sassuolo,2,1,H
15/12/2023,Genoa,Juventus,1,1,D
16/12/2023,Lecce,Frosinone,2,1,H
16/12/2023,Napoli,Cagliari,2,1,H
16/12/2023,Torino,Empoli,1,0,H
17/12/2023,Milan,Monza,3,0,H
17/12/2023,Fiorentina,Verona,1,0,H
17/12/2023,Udinese,Sassuolo,2,2,D
17/12/2023,Bologna,Roma,2,0,H
17/12/2023,Lazio,Inter,0,2,A
18/12/2023,Atalanta,Salernitana,4,1,H
22/12/2023,Empoli,Lazio,0,2,A
22/12/2023,Sassuolo,Genoa,1,2,A
22/12/2023,Monza,Fiorentina,0,1,A
22/12/2023,Salernitana,Milan,2,2,D
23/12/2023,Frosinone,Juventus,1,2,A
23/12/2023,Bologna,Atalanta,1,0,H
23/12/2023,Torino,Udinese,1,1,D
23/12/2023,Inter,Lecce,2,0,H
23/12/2023,Verona,Cagliari,2,0,H
23/12/2023,Roma,Napoli,2,0,H
29/12/2023,Fiorentina,Torino,1,0,H
29/12/2023,Napoli,Monza,0,0,D
29/12/2023,Genoa,Inter,1,1,D
29/12/2023,Lazio,Frosinone,3,1,H
30/12/2023,Atalanta,Lecce,1,0,H
30/12/2023,Cagliari,Empoli,0,0,D
30/12/2023,Udinese,Bologna,3,0,H
30/12/2023,Milan,Sassuolo,1,0,H
30/12/2023,Verona,Salernitana,0,1,A
30/12/2023,Juventus,Roma,1,0,H
05/01/2024,Bologna,Genoa,1,1,D
06/01/2024,Inter,Verona,2,1,H
06/01/2024,Frosinone,Monza,2,3,A
06/01/2024,Lecce,Cagliari,1,1,D
06/01/2024,Sassuolo,Fiorentina,1,0,H
07/01/2024,Empoli,Milan,0,3,A
07/01/2024,Torino,Napoli,3,0,H
07/01/2024,Udinese,Lazio,1,2,A
07/01/2024,Salernitana,Juventus,1,2,A
07/01/2024,Roma,Atalanta,1,1,D
13/01/2024,Genoa,Torino,0,0,D
13/01/2024,Napoli,Salernitana,2,1,H
13/01/2024,Verona,Empoli,2,1,H
13/01/2024,Monza,Inter,1,5,A
14/01/2024,Lazio,Lecce,1,0,H
14/01/2024,Cagliari,Bologna,2,1,H
14/01/2024,Fiorentina,Udinese,2,2,D
14/01/2024,Milan,Roma,3,1,H
15/01/2024,Atalanta,Frosinone,5,0,H
16/01/2024,Juventus,Sassuolo,3,0,H
20/01/2024,Roma,Verona,2,1,H
20/01/2024,Udinese,Milan,2,3,A
21/01/2024,Frosinone,Cagliari,3,1,H
21/01/2024,Empoli,Monza,3,0,H
21/01/2024,Salernitana,Genoa,1,2,A
21/01/2024,Lecce,Juventus,0,3,A
26/01/2024,Cagliari,Torino,1,2,A
27/01/2024,Atalanta,Udinese,2,0,H
27/01/2024,Juventus,Empoli,1,1,D
27/01/2024,Milan,Bologna,2,2,D
28/01/2024,Genoa,Lecce,2,1,H
28/01/2024,Monza,Sassuolo,1,0,H
28/01/2024,Verona,Frosinone,1,1,D
28/01/2024,Lazio,Napoli,0,0,D
28/01/2024,Fiorentina,Inter,0,1,A
29/01/2024,Salernitana,Roma,1,2,A
02/02/2024,Lecce,Fiorentina,3,2,H
03/02/2024,Empoli,Genoa,0,0,D
03/02/2024,Udinese,Monza,0,0,D
03/02/2024,Frosinone,Milan,2,3,A
03/02/2024,Bologna,Sassuolo,4,2,H
04/02/2024,Torino,Salernitana,0,0,D
04/02/2024,Napoli,Verona,2,1,H
04/02/2024,Atalanta,Lazio,3,1,H
04/02/2024,Inter,Juventus,1,0,H
05/02/2024,Roma,Cagliari,4,0,H
09/02/2024,Salernitana,Empoli,1,3,A
10/02/2024,Cagliari,Lazio,1,3,A
10/02/2024,Roma,Inter,2,4,A
10/02/2024,Sassuolo,Torino,1,1,D
11/02/2024,Fiorentina,Frosinone,5,1,H
11/02/2024,Bologna,Lecce,4,0,H
11/02/2024,Monza,Verona,0,0,D
11/02/2024,Genoa,Atalanta,1,4,A
11/02/2024,Milan,Napoli,1,0,H
12/02/2024,Juventus,Udinese,0,1,A
14/02/2024,Bologna,Fiorentina,2,0,H
16/02/2024,Torino,Lecce,2,0,H
16/02/2024,Inter,Salernitana,4,0,H
17/02/2024,Napoli,Genoa,1,1,D
17/02/2024,Verona,Juventus,2,2,D
17/02/2024,Atalanta,Sassuolo,3,0,H
18/02/2024,Lazio,Bologna,1,2,A
18/02/2024,Empoli,Fiorentina,1,1,D
18/02/2024,Udinese,Cagliari,1,1,D
18/02/2024,Frosinone,Roma,0,3,A
18/02/2024,Monza,Milan,4,2,H
22/02/2024,Torino,Lazio,0,2,A
23/02/2024,Bologna,Verona,2,0,H
24/02/2024,Sassuolo,Empoli,2,3,A
24/02/2024,Salernitana,Monza,0,2,A
24/02/2024,Genoa,Udinese,2,0,H
25/02/2024,Juventus,Frosinone,3,2,H
25/02/2024,Cagliari,Napoli,1,1,D
25/02/2024,Lecce,Inter,0,4,A
25/02/2024,Milan,Atalanta,1,1,D
26/02/2024,Roma,Torino,3,2,H
26/02/2024,Fiorentina,Lazio,2,1,H
28/02/2024,Sassuolo,Napoli,1,6,A
28/02/2024,Inter,Atalanta,4,0,H
01/03/2024,Lazio,Milan,0,1,A
02/03/2024,Udinese,Salernitana,1,1,D
02/03/2024,Monza,Roma,1,4,A
02/03/2024,Torino,Fiorentina,0,0,D
03/03/2024,Verona,Sassuolo,1,0,H
03/03/2024,Empoli,Cagliari,0,1,A
03/03/2024,Frosinone,Lecce,1,1,D
03/03/2024,Atalanta,Bologna,1,2,A
03/03/2024,Napoli,Juventus,2,1,H
04/03/2024,Inter,Genoa,2,1,H
08/03/2024,Napoli,Torino,1,1,D
09/03/2024,Cagliari,Salernitana,4,2,H
09/03/2024,Sassuolo,Frosinone,1,0,H
09/03/2024,Bologna,Inter,0,1,A
09/03/2024,Genoa,Monza,2,3,A
10/03/2024,Lecce,Verona,0,1,A
10/03/2024,Milan,Empoli,1,0,H
10/03/2024,Juventus,Atalanta,2,2,D
10/03/2024,Fiorentina,Roma,2,2,D
11/03/2024,Lazio,Udinese,1,2,A
15/03/2024,Empoli,Bologna,0,1,A
16/03/2024,Monza,Cagliari,1,0,H
16/03/2024,Udinese,Torino,0,2,A
16/03/2024,Salernitana,Lecce,0,1,A
16/03/2024,Frosinone,Lazio,2,3,A
17/03/2024,Juventus,Genoa,0,0,D
17/03/2024,Verona,Milan,1,3,A
17/03/2024,Roma,Sassuolo,1,0,H
17/03/2024,Inter,Napoli,1,1,D
30/03/2024,Napoli,Atalanta,0,3,A
30/03/2024,Genoa,Frosinone,1,1,D
30/03/2024,Torino,Monza,1,0,H
30/03/2024,Lazio,Juventus,1,0,H
30/03/2024,Fiorentina,Milan,1,2,A
01/04/2024,Bologna,Salernitana,3,0,H
01/04/2024,Cagliari,Verona,1,1,D
01/04/2024,Sassuolo,Udinese,1,1,D
01/04/2024,Lecce,Roma,0,0,D
01/04/2024,Inter,Empoli,2,0,H
05/04/2024,Salernitana,Sassuolo,2,2,D
06/04/2024,Milan,Lecce,3,0,H
06/04/2024,Roma,Lazio,1,0,H
06/04/2024,Empoli,Torino,3,2,H
07/04/2024,Frosinone,Bologna,0,0,D
07/04/2024,Monza,Napoli,2,4,A
07/04/2024,Cagliari,Atalanta,2,1,H
07/04/2024,Verona,Genoa,1,2,A
07/04/2024,Juventus,Fiorentina,1,0,H
08/04/2024,Udinese,Inter,1,2,A
12/04/2024,Lazio,Salernitana,4,1,H
13/04/2024,Lecce,Empoli,1,0,H
13/04/2024,Torino,Juventus,0,0,D
13/04/2024,Bologna,Monza,0,0,D
14/04/2024,Napoli,Frosinone,2,2,D
14/04/2024,Sassuolo,Milan,3,3,D
14/04/2024,Inter,Cagliari,2,2,D
15/04/2024,Fiorentina,Genoa,1,1,D
15/04/2024,Atalanta,Verona,2,2,D
19/04/2024,Genoa,Lazio,0,1,A
19/04/2024,Cagliari,Juventus,2,2,D
20/04/2024,Empoli,Napoli,1,0,H
20/04/2024,Verona,Udinese,1,0,H
21/04/2024,Sassuolo,Lecce,0,3,A
21/04/2024,Torino,Frosinone,0,0,D
21/04/2024,Salernitana,Fiorentina,0,2,A
21/04/2024,Monza,Atalanta,1,2,A
22/04/2024,Roma,Bologna,1,3,A
22/04/2024,Milan,Inter,1,2,A
25/04/2024,Udinese,Roma,1,2,A
26/04/2024,Frosinone,Salernitana,3,0,H
27/04/2024,Lecce,Monza,1,1,D
27/04/2024,Juventus,Milan,0,0,D
27/04/2024,Lazio,Verona,1,0,H
28/04/2024,Inter,Torino,2,0,H
28/04/2024,Bologna,Udinese,1,1,D
28/04/2024,Atalanta,Empoli,2,0,H
28/04/2024,Napoli,Roma,2,2,D
28/04/2024,Fiorentina,Sassuolo,5,1,H
29/04/2024,Genoa,Cagliari,3,0,H
03/05/2024,Torino,Bologna,0,0,D
04/05/2024,Monza,Lazio,2,2,D
04/05/2024,Sassuolo,Inter,1,0,H
05/05/2024,Cagliari,Lecce,1,1,D
05/05/2024,Empoli,Frosinone,0,0,D
05/05/2024,Verona,Fiorentina,2,1,H
05/05/2024,Milan,Genoa,3,3,D
05/05/2024,Roma,Juventus,1,1,D
06/05/2024,Salernitana,Atalanta,1,2,A
06/05/2024,Udinese,Napoli,1,1,D
10/05/2024,Frosinone,Inter,0,5,A
11/05/2024,Napoli,Bologna,0,2,A
11/05/2024,Milan,Cagliari,5,1,H
12/05/2024,Lazio,Empoli,2,0,H
12/05/2024,Genoa,Sassuolo,2,1,H
12/05/2024,Verona,Torino,1,2,A
12/05/2024,Juventus,Salernitana,1,1,D
12/05/2024,Atalanta,Roma,2,1,H
13/05/2024,Lecce,Udinese,0,2,A
13/05/2024,Fiorentina,Monza,2,1,H
17/05/2024,Fiorentina,Napoli,2,2,D
18/05/2024,Lecce,Atalanta,0,2,A
18/05/2024,Torino,Milan,3,1,H
19/05/2024,Sassuolo,Cagliari,0,2,A
19/05/2024,Monza,Frosinone,0,1,A
19/05/2024,Udinese,Empoli,1,1,D
19/05/2024,Inter,Lazio,1,1,D
19/05/2024,Roma,Genoa,1,0,H
20/05/2024,Salernitana,Verona,1,2,A
20/05/2024,Bologna,Juventus,3,3,D
23/05/2024,Cagliari,Fiorentina,2,3,A
24/05/2024,Genoa,Bologna,2,0,H
25/05/2024,Juventus,Monza,2,0,H
25/05/2024,Milan,Salernitana,3,3,D
26/05/2024,Atalanta,Torino,3,0,H
26/05/2024,Napoli,Lecce,0,0,D
26/05/2024,Empoli,Roma,2,1,H
26/05/2024,Frosinone,Udinese,0,1,A
26/05/2024,Lazio,Sassuolo,1,1,D
26/05/2024,Verona,Inter,2,2,D
02/06/2024,Atalanta,Fiorentina,2,3,A
17/08/2024,Genoa,Inter,2,2,D
17/08/2024,Parma,Fiorentina,1,1,D
17/08/2024,Empoli,Monza,0,0,D
17/08/2024,Milan,Torino,2,2,D
18/08/2024,Bologna,Udinese,1,1,D
18/08/2024,Verona,Napoli,3,0,H
18/08/2024,Cagliari,Roma,0,0,D
18/08/2024,Lazio,Venezia,3,1,H
19/08/2024,Lecce,Atalanta,0,4,A
19/08/2024,Juventus,Como,3,0,H
24/08/2024,Parma,Milan,2,1,H
24/08/2024,Udinese,Lazio,2,1,H
24/08/2024,Inter,Lecce,2,0,H
24/08/2024,Monza,Genoa,0,1,A
25/08/2024,Fiorentina,Venezia,0,0,D
25/08/2024,Torino,Atalanta,2,1,H
25/08/2024,Napoli,Bologna,3,0,H
25/08/2024,Roma,Empoli,1,2,A
26/08/2024,Cagliari,Como,1,1,D
26/08/2024,Verona,Juventus,0,3,A
30/08/2024,Venezia,Torino,0,1,A
30/08/2024,Inter,Atalanta,4,0,H
31/08/2024,Bologna,Empoli,1,1,D
31/08/2024,Lecce,Cagliari,1,0,H
31/08/2024,Lazio,Milan,2,2,D
31/08/2024,Napoli,Parma,2,1,H
01/09/2024,Fiorentina,Monza,2,2,D
01/09/2024,Genoa,Verona,0,2,A
01/09/2024,Juventus,Roma,0,0,D
01/09/2024,Udinese,Como,1,0,H
14/09/2024,Como,Bologna,2,2,D
14/09/2024,Empoli,Juventus,0,0,D
14/09/2024,Milan,Venezia,4,0,H
15/09/2024,Genoa,Roma,1,1,D
15/09/2024,Atalanta,Fiorentina,3,2,H
15/09/2024,Torino,Lecce,0,0,D
15/09/2024,Cagliari,Napoli,0,4,A
15/09/2024,Monza,Inter,1,1,D
16/09/2024,Parma,Udinese,2,3,A
16/09/2024,Lazio,Verona,2,1,H
20/09/2024,Cagliari,Empoli,0,2,A
20/09/2024,Verona,Torino,2,3,A
21/09/2024,Venezia,Genoa,2,0,H
21/09/2024,Juventus,Napoli,0,0,D
21/09/2024,Lecce,Parma,2,2,D
22/09/2024,Fiorentina,Lazio,2,1,H
22/09/2024,Monza,Bologna,1,2,A
22/09/2024,Roma,Udinese,3,0,H
22/09/2024,Inter,Milan,1,2,A
24/09/2024,Atalanta,Como,2,3,A
27/09/2024,Milan,Lecce,3,0,H
28/09/2024,Udinese,Inter,2,3,A
28/09/2024,Genoa,Juventus,0,3,A
28/09/2024,Bologna,Atalanta,1,1,D
29/09/2024,Torino,Lazio,2,3,A
29/09/2024,Como,Verona,3,2,H
29/09/2024,Roma,Venezia,2,1,H
29/09/2024,Empoli,Fiorentina,0,0,D
29/09/2024,Napoli,Monza,2,0,H
30/09/2024,Parma,Cagliari,2,3,A
04/10/2024,Napoli,Como,3,1,H
04/10/2024,Verona,Venezia,2,1,H
05/10/2024,Udinese,Lecce,1,0,H
05/10/2024,Atalanta,Genoa,5,1,H
05/10/2024,Inter,Torino,3,2,H
06/10/2024,Juventus,Cagliari,1,1,D
06/10/2024,Bologna,Parma,0,0,D
06/10/2024,Lazio,Empoli,2,1,H
06/10/2024,Monza,Roma,1,1,D
06/10/2024,Fiorentina,Milan,2,1,H
19/10/2024,Como,Parma,1,1,D
19/10/2024,Genoa,Bologna,2,2,D
19/10/2024,Milan,Udinese,1,0,H
19/10/2024,Juventus,Lazio,1,0,H
20/10/2024,Empoli,Napoli,0,1,A
20/10/2024,Lecce,Fiorentina,0,6,A
20/10/2024,Venezia,Atalanta,0,2,A
20/10/2024,Cagliari,Torino,3,2,H
20/10/2024,Roma,Inter,0,1,A
21/10/2024,Verona,Monza,0,3,A
25/10/2024,Udinese,Cagliari,2,0,H
25/10/2024,Torino,Como,1,0,H
26/10/2024,Napoli,Lecce,1,0,H
26/10/2024,Atalanta,Verona,6,1,H
27/10/2024,Parma,Empoli,1,1,D
27/10/2024,Lazio,Genoa,3,0,H
27/10/2024,Monza,Venezia,2,2,D
27/10/2024,Inter,Juventus,4,4,D
27/10/2024,Fiorentina,Roma,5,1,H
29/10/2024,Cagliari,Bologna,0,2,A
29/10/2024,Lecce,Verona,1,0,H
29/10/2024,Milan,Napoli,0,2,A
30/10/2024,Empoli,Inter,0,3,A
30/10/2024,Venezia,Udinese,3,2,H
30/10/2024,Atalanta,Monza,2,0,H
30/10/2024,Juventus,Parma,2,2,D
31/10/2024,Genoa,Fiorentina,0,1,A
31/10/2024,Como,Lazio,1,5,A
31/10/2024,Roma,Torino,1,0,H
02/11/2024,Bologna,Lecce,1,0,H
02/11/2024,Udinese,Juventus,0,2,A
02/11/2024,Monza,Milan,0,1,A
03/11/2024,Napoli,Atalanta,0,3,A
03/11/2024,Torino,Fiorentina,0,1,A
03/11/2024,Verona,Roma,3,2,H
03/11/2024,Inter,Venezia,1,0,H
04/11/2024,Empoli,Como,1,0,H
04/11/2024,Parma,Genoa,0,1,A
04/11/2024,Lazio,Cagliari,2,1,H
07/11/2024,Genoa,Como,1,1,D
08/11/2024,Lecce,Empoli,1,1,D
09/11/2024,Venezia,Parma,1,2,A
09/11/2024,Cagliari,Milan,3,3,D
09/11/2024,Juventus,Torino,2,0,H
10/11/2024,Atalanta,Udinese,2,1,H
10/11/2024,Fiorentina,Verona,3,1,H
10/11/2024,Roma,Bologna,2,3,A
10/11/2024,Monza,Lazio,0,1,A
10/11/2024,Inter,Napoli,1,1,D
23/11/2024,Verona,Inter,0,5,A
23/11/2024,Milan,Juventus,0,0,D
23/11/2024,Parma,Atalanta,1,3,A
24/11/2024,Genoa,Cagliari,2,2,D
24/11/2024,Como,Fiorentina,0,2,A
24/11/2024,Torino,Monza,1,1,D
24/11/2024,Napoli,Roma,1,0,H
24/11/2024,Lazio,Bologna,3,0,H
25/11/2024,Empoli,Udinese,1,1,D
25/11/2024,Venezia,Lecce,0,1,A
29/11/2024,Cagliari,Verona,1,0,H
30/11/2024,Como,Monza,1,1,D
30/11/2024,Milan,Empoli,3,0,H
30/11/2024,Bologna,Venezia,3,0,H
01/12/2024,Udinese,Genoa,0,2,A
01/12/2024,Parma,Lazio,3,1,H
01/12/2024,Torino,Napoli,0,1,A
01/12/2024,Lecce,Juventus,1,1,D
02/12/2024,Roma,Atalanta,0,2,A
06/12/2024,Inter,Parma,3,1,H
06/12/2024,Atalanta,Milan,2,1,H
07/12/2024,Genoa,Torino,0,0,D
07/12/2024,Juventus,Bologna,2,2,D
07/12/2024,Roma,Lecce,4,1,H
08/12/2024,Fiorentina,Cagliari,1,0,H
08/12/2024,Verona,Empoli,1,4,A
08/12/2024,Venezia,Como,2,2,D
08/12/2024,Napoli,Lazio,0,1,A
09/12/2024,Monza,Udinese,1,2,A
13/12/2024,Empoli,Torino,0,1,A
14/12/2024,Cagliari,Atalanta,0,1,A
14/12/2024,Udinese,Napoli,1,3,A
14/12/2024,Juventus,Venezia,2,2,D
15/12/2024,Lecce,Monza,2,1,H
15/12/2024,Bologna,Fiorentina,1,0,H
15/12/2024,Parma,Verona,2,3,A
15/12/2024,Como,Roma,2,0,H
15/12/2024,Milan,Genoa,0,0,D
16/12/2024,Lazio,Inter,0,6,A
20/12/2024,Verona,Milan,0,1,A
21/12/2024,Torino,Bologna,0,2,A
21/12/2024,Genoa,Napoli,1,2,A
21/12/2024,Lecce,Lazio,1,2,A
22/12/2024,Roma,Parma,5,0,H
22/12/2024,Venezia,Cagliari,2,1,H
22/12/2024,Atalanta,Empoli,3,2,H
22/12/2024,Monza,Juventus,1,2,A
23/12/2024,Fiorentina,Udinese,1,2,A
23/12/2024,Inter,Como,2,0,H
28/12/2024,Empoli,Genoa,1,2,A
28/12/2024,Parma,Monza,2,1,H
28/12/2024,Cagliari,Inter,0,3,A
28/12/2024,Lazio,Atalanta,1,1,D
29/12/2024,Udinese,Torino,2,2,D
29/12/2024,Napoli,Venezia,1,0,H
29/12/2024,Juventus,Fiorentina,2,2,D
29/12/2024,Milan,Roma,1,1,D
30/12/2024,Como,Lecce,2,0,H
30/12/2024,Bologna,Verona,2,3,A
04/01/2025,Venezia,Empoli,1,1,D
04/01/2025,Fiorentina,Napoli,0,3,A
04/01/2025,Verona,Udinese,0,0,D
05/01/2025,Monza,Cagliari,1,2,A
05/01/2025,Lecce,Genoa,0,0,D
05/01/2025,Torino,Parma,0,0,D
05/01/2025,Roma,Lazio,2,0,H
10/01/2025,Lazio,Como,1,1,D
11/01/2025,Empoli,Lecce,1,3,A
11/01/2025,Udinese,Atalanta,0,0,D
11/01/2025,Torino,Juventus,1,1,D
11/01/2025,Milan,Cagliari,1,1,D
12/01/2025,Genoa,Parma,1,0,H
12/01/2025,Venezia,Inter,0,1,A
12/01/2025,Bologna,Roma,2,2,D
12/01/2025,Napoli,Verona,2,0,H
13/01/2025,Monza,Fiorentina,2,1,H
14/01/2025,Como,Milan,1,2,A
14/01/2025,Atalanta,Juventus,1,1,D
15/01/2025,Inter,Bologna,2,2,D
17/01/2025,Roma,Genoa,3,1,H
18/01/2025,Bologna,Monza,3,1,H
18/01/2025,Juventus,Milan,2,0,H
18/01/2025,Atalanta,Napoli,2,3,A
19/01/2025,Fiorentina,Torino,1,1,D
19/01/2025,Cagliari,Lecce,4,1,H
19/01/2025,Parma,Venezia,1,1,D
19/01/2025,Verona,Lazio,0,3,A
19/01/2025,Inter,Empoli,3,1,H
20/01/2025,Como,Udinese,4,1,H
24/01/2025,Torino,Cagliari,2,0,H
25/01/2025,Como,Atalanta,1,2,A
25/01/2025,Napoli,Juventus,2,1,H
25/01/2025,Empoli,Bologna,1,1,D
26/01/2025,Milan,Parma,3,2,H
26/01/2025,Udinese,Roma,1,2,A
26/01/2025,Lecce,Inter,0,4,A
26/01/2025,Lazio,Fiorentina,1,2,A
27/01/2025,Venezia,Verona,1,1,D
27/01/2025,Genoa,Monza,2,0,H
31/01/2025,Parma,Lecce,1,3,A
01/02/2025,Monza,Verona,0,1,A
01/02/2025,Udinese,Venezia,3,2,H
01/02/2025,Atalanta,Torino,1,1,D
01/02/2025,Bologna,Como,2,0,H
02/02/2025,Juventus,Empoli,4,1,H
02/02/2025,Fiorentina,Genoa,2,1,H
02/02/2025,Milan,Inter,1,1,D
02/02/2025,Roma,Napoli,1,1,D
03/02/2025,Cagliari,Lazio,1,2,A
06/02/2025,Fiorentina,Inter,3,0,H
07/02/2025,Como,Juventus,1,2,A
08/02/2025,Verona,Atalanta,0,5,A
08/02/2025,Empoli,Milan,0,2,A
08/02/2025,Torino,Genoa,1,1,D
09/02/2025,Venezia,Roma,0,1,A
09/02/2025,Cagliari,Parma,2,1,H
09/02/2025,Lazio,Monza,5,1,H
09/02/2025,Lecce,Bologna,0,0,D
09/02/2025,Napoli,Udinese,1,1,D
10/02/2025,Inter,Fiorentina,2,1,H
14/02/2025,Bologna,Torino,3,2,H
15/02/2025,Atalanta,Cagliari,0,0,D
15/02/2025,Lazio,Napoli,2,2,D
15/02/2025,Milan,Verona,1,0,H
16/02/2025,Fiorentina,Como,0,2,A
16/02/2025,Monza,Lecce,0,0,D
16/02/2025,Udinese,Empoli,3,0,H
16/02/2025,Parma,Roma,0,1,A
16/02/2025,Juventus,Inter,1,0,H
17/02/2025,Genoa,Venezia,2,0,H
21/02/2025,Lecce,Udinese,0,1,A
22/02/2025,Parma,Bologna,2,0,H
22/02/2025,Venezia,Lazio,0,0,D
22/02/2025,Torino,Milan,2,1,H
22/02/2025,Inter,Genoa,1,0,H
23/02/2025,Como,Napoli,2,1,H
23/02/2025,Verona,Fiorentina,1,0,H
23/02/2025,Empoli,Atalanta,0,5,A
23/02/2025,Cagliari,Juventus,0,1,A
24/02/2025,Roma,Monza,4,0,H
27/02/2025,Bologna,Milan,2,1,H
28/02/2025,Fiorentina,Lecce,1,0,H
01/03/2025,Atalanta,Venezia,0,0,D
01/03/2025,Napoli,Inter,1,1,D
01/03/2025,Udinese,Parma,1,0,H
02/03/2025,Monza,Torino,0,2,A
02/03/2025,Bologna,Cagliari,2,1,H
02/03/2025,Genoa,Empoli,1,1,D
02/03/2025,Roma,Como,2,1,H
02/03/2025,Milan,Lazio,1,2,A
03/03/2025,Juventus,Verona,2,0,H
07/03/2025,Cagliari,Genoa,1,1,D
08/03/2025,Como,Venezia,1,1,D
08/03/2025,Parma,Torino,2,2,D
08/03/2025,Lecce,Milan,2,3,A
08/03/2025,Inter,Monza,3,2,H
09/03/2025,Verona,Bologna,1,2,A
09/03/2025,Napoli,Fiorentina,2,1,H
09/03/2025,Empoli,Roma,0,1,A
09/03/2025,Juventus,Atalanta,0,4,A
10/03/2025,Lazio,Udinese,1,1,D
14/03/2025,Genoa,Lecce,2,1,H
15/03/2025,Monza,Parma,1,1,D
15/03/2025,Udinese,Verona,0,1,A
15/03/2025,Milan,Como,2,1,H
15/03/2025,Torino,Empoli,1,0,H
16/03/2025,Venezia,Napoli,0,0,D
16/03/2025,Bologna,Lazio,5,0,H
16/03/2025,Roma,Cagliari,1,0,H
16/03/2025,Fiorentina,Juventus,3,0,H
16/03/2025,Atalanta,Inter,0,2,A
29/03/2025,Como,Empoli,1,1,D
29/03/2025,Venezia,Bologna,0,1,A
29/03/2025,Juventus,Genoa,1,0,H
29/03/2025,Lecce,Roma,0,1,A
30/03/2025,Cagliari,Monza,3,0,H
30/03/2025,Fiorentina,Atalanta,1,0,H
30/03/2025,Inter,Udinese,2,1,H
30/03/2025,Napoli,Milan,2,1,H
31/03/2025,Verona,Parma,0,0,D
31/03/2025,Lazio,Torino,1,1,D
04/04/2025,Genoa,Udinese,1,0,H
05/04/2025,Monza,Como,1,3,A
05/04/2025,Parma,Inter,2,2,D
05/04/2025,Milan,Fiorentina,2,2,D
06/04/2025,Lecce,Venezia,1,1,D
06/04/2025,Empoli,Cagliari,0,0,D
06/04/2025,Torino,Verona,1,1,D
06/04/2025,Atalanta,Lazio,0,1,A
06/04/2025,Roma,Juventus,1,1,D
07/04/2025,Bologna,Napoli,1,1,D
11/04/2025,Udinese,Milan,0,4,A
12/04/2025,Venezia,Monza,1,0,H
12/04/2025,Inter,Cagliari,3,1,H
12/04/2025,Juventus,Lecce,2,1,H
13/04/2025,Atalanta,Bologna,2,0,H
13/04/2025,Fiorentina,Parma,0,0,D
13/04/2025,Verona,Genoa,0,0,D
13/04/2025,Como,Torino,1,0,H
13/04/2025,Lazio,Roma,1,1,D
14/04/2025,Napoli,Empoli,3,0,H
19/04/2025,Lecce,Como,0,3,A
19/04/2025,Monza,Napoli,0,1,A
19/04/2025,Roma,Verona,1,0,H
20/04/2025,Empoli,Venezia,2,2,D
20/04/2025,Bologna,Inter,1,0,H
20/04/2025,Milan,Atalanta,0,1,A
23/04/2025,Cagliari,Fiorentina,1,2,A
23/04/2025,Genoa,Lazio,0,2,A
23/04/2025,Parma,Juventus,1,0,H
23/04/2025,Torino,Udinese,2,0,H
27/04/2025,Como,Genoa,1,0,H
27/04/2025,Venezia,Milan,0,2,A
27/04/2025,Fiorentina,Empoli,2,1,H
27/04/2025,Inter,Roma,0,1,A
27/04/2025,Juventus,Monza,2,0,H
27/04/2025,Atalanta,Lecce,1,1,D
27/04/2025,Napoli,Torino,2,0,H
28/04/2025,Udinese,Bologna,0,0,D
28/04/2025,Lazio,Parma,2,2,D
28/04/2025,Verona,Cagliari,0,2,A
02/05/2025,Torino,Venezia,1,1,D
03/05/2025,Cagliari,Udinese,1,2,A
03/05/2025,Parma,Como,0,1,A
03/05/2025,Lecce,Napoli,0,1,A
03/05/2025,Inter,Verona,1,0,H
04/05/2025,Empoli,Lazio,0,1,A
04/05/2025,Monza,Atalanta,0,4,A
04/05/2025,Roma,Fiorentina,1,0,H
04/05/2025,Bologna,Juventus,1,1,D
05/05/2025,Genoa,Milan,1,2,A
09/05/2025,Milan,Bologna,3,1,H
10/05/2025,Como,Cagliari,3,1,H
10/05/2025,Lazio,Juventus,1,1,D
10/05/2025,Empoli,Parma,2,1,H
11/05/2025,Udinese,Monza,1,2,A
11/05/2025,Verona,Lecce,1,1,D
11/05/2025,Torino,Inter,0,2,A
11/05/2025,Napoli,Genoa,2,2,D
12/05/2025,Venezia,Fiorentina,2,1,H
12/05/2025,Atalanta,Roma,2,1,H
17/05/2025,Genoa,Atalanta,2,3,A
18/05/2025,Cagliari,Venezia,3,0,H
18/05/2025,Fiorentina,Bologna,3,2,H
18/05/2025,Inter,Lazio,2,2,D
18/05/2025,Juventus,Udinese,2,0,H
18/05/2025,Lecce,Torino,1,0,H
18/05/2025,Monza,Empoli,1,3,A
18/05/2025,Parma,Napoli,0,0,D
18/05/2025,Roma,Milan,3,1,H
18/05/2025,Verona,Como,1,1,D
23/05/2025,Como,Inter,0,2,A
23/05/2025,Napoli,Cagliari,2,0,H
24/05/2025,Bologna,Genoa,1,3,A
24/05/2025,Milan,Monza,2,0,H
25/05/2025,Atalanta,Parma,2,3,A
25/05/2025,Empoli,Verona,1,2,A
25/05/2025,Lazio,Lecce,0,1,A
25/05/2025,Torino,Roma,0,2,A
25/05/2025,Udinese,Fiorentina,2,3,A
25/05/2025,Venezia,Juventus,2,3,A
